id,label,fold,probability,prediction
000001.jpg,1,1,0.9442797303199768,1
000002.jpg,1,3,0.9155072569847107,1
000003.jpg,0,4,0.0684129148721695,0
000004.jpg,1,3,0.9815244078636169,1
000009.jpg,1,0,0.8778960704803467,1
000010.jpg,1,1,0.9609517455101013,1
000011.jpg,0,2,0.09318170696496964,0
000012.jpg,0,4,0.04913078621029854,0
000013.jpg,0,1,0.20721471309661865,0
000016.jpg,1,0,0.8183016180992126,1
000022.jpg,1,1,0.8828325867652893,1
000026.jpg,1,0,0.8401278853416443,1
000030.jpg,0,4,0.0478690080344677,0
000031.jpg,1,0,0.9486324787139893,1
000032.jpg,1,0,0.7714993357658386,1
000034.jpg,0,1,0.097906693816185,0
000038.jpg,1,1,0.9202179908752441,1
000042.jpg,0,1,0.208823561668396,0
000043.jpg,0,0,0.07133200019598007,0
000044.jpg,1,2,0.8692712783813477,1
000046.jpg,1,4,0.9802808165550232,1
000047.jpg,0,2,0.09964530169963837,0
000049.jpg,0,0,0.05127241834998131,0
000051.jpg,0,3,0.042245496064424515,0
000053.jpg,0,2,0.15329550206661224,0
000056.jpeg,0,3,0.17539678514003754,0
000061.jpg,0,3,0.08359067142009735,0
000062.jpg,0,1,0.10266400873661041,0
000063.jpeg,0,4,0.06489012390375137,0
000064.jpg,1,4,0.896975576877594,1
000066.jpg,1,0,0.889720618724823,1
000067.jpg,1,3,0.9777987599372864,1
000070.jpg,0,2,0.08945459872484207,0
000075.jpg,1,3,0.907967209815979,1
000076.jpg,0,2,0.11047115921974182,0
000079.jpg,0,3,0.08093671500682831,0
000080.jpg,0,2,0.23863890767097473,0
000081.jpg,1,1,0.9585376977920532,1
000083.jpg,0,4,0.075721375644207,0
000086.jpg,1,0,0.3763938844203949,0
000087.jpg,0,2,0.14487324655056,0
000088.jpg,1,2,0.9270997643470764,1
000090.jpg,1,0,0.9526622891426086,1
000092.jpg,1,2,0.8889517188072205,1
000100.jpg,1,1,0.95743727684021,1
000103.jpg,1,2,0.9167081117630005,1
000105.jpg,1,0,0.9777987599372864,1
000111.jpg,1,2,0.9059898257255554,1
000112.jpg,0,0,0.23353151977062225,0
000124.jpg,0,3,0.050517670810222626,0
000133.jpg,0,1,0.11716747283935547,0
000134.jpg,1,3,0.8818185925483704,1
000138.jpg,0,1,0.12907303869724274,0
000139.jpg,1,3,0.7980294823646545,1
000140.jpg,1,1,0.9683812260627747,1
000142.jpg,0,4,0.06608537584543228,0
000146.jpg,1,1,0.9162596464157104,1
000147.jpg,0,4,0.08694165199995041,0
000153.jpg,1,2,0.6066732406616211,1
000156.jpg,1,2,0.8542778491973877,1
000162.jpg,1,1,0.9683812260627747,1
000163.jpg,0,4,0.06596492975950241,0
000165.jpg,0,4,0.1945207715034485,0
000169.jpg,1,2,0.9403530955314636,1
000172.jpg,1,3,0.9097468256950378,1
000173.jpg,0,4,0.051082734018564224,0
000176.jpg,1,4,0.9322068691253662,1
000183.jpg,0,1,0.0511774942278862,0
000184.jpg,0,0,0.08344116806983948,0
000185.jpg,1,3,0.9822195768356323,1
000187.jpg,1,2,0.8918110132217407,1
000191.jpg,0,3,0.33448076248168945,0
000198.jpg,0,4,0.06255973130464554,0
000203.jpg,0,0,0.0634823590517044,0
000205.jpg,0,1,0.1270015686750412,0
000208.jpg,0,4,0.08616955578327179,0
000210.jpeg,0,2,0.2501792907714844,0
000211.jpg,0,0,0.15102779865264893,0
000214.jpg,1,1,0.9524857997894287,1
000218.jpg,0,4,0.06418264657258987,0
000221.jpg,0,0,0.1252792626619339,0
000223.jpg,1,3,0.9401335716247559,1
000228.jpg,0,4,0.060197047889232635,0
000229.jpg,1,2,0.8976953029632568,1
000232.jpg,1,1,0.952397346496582,1
000234.jpg,0,2,0.14780104160308838,0
000237.jpg,1,1,0.9012274742126465,1
000238.jpg,0,4,0.04092230647802353,0
000239.jpg,1,4,0.9878528118133545,1
000241.jpg,1,4,0.9436599016189575,1
000243.jpg,1,0,0.30177342891693115,0
000249.jpg,0,1,0.24707795679569244,0
000255.jpg,1,2,0.9348725080490112,1
000261.jpg,1,2,0.9071478247642517,1
000262.jpg,1,3,0.9789553880691528,1
000263.jpg,0,0,0.03277498483657837,0
000264.jpg,0,1,0.06681232899427414,0
000266.jpg,0,1,0.07450026273727417,0
000275.jpg,1,3,0.722527027130127,1
000276.jpg,1,1,0.8346765637397766,1
000278.jpg,1,4,0.9883578419685364,1
000282.jpg,0,1,0.0991208553314209,0
000284.jpg,0,1,0.0626743733882904,0
000287.jpg,1,1,0.9187722206115723,1
000288.jpg,1,2,0.8646537065505981,1
000301.jpg,0,3,0.12168575078248978,0
000304.jpg,0,4,0.8891444206237793,1
000309.jpg,0,0,0.057918090373277664,0
000320.jpg,0,1,0.6451199054718018,1
000321.jpg,0,3,0.09773432463407516,0
000323.jpg,1,2,0.7908535599708557,1
000326.jpg,1,3,0.9152045845985413,1
000328.jpg,1,3,0.9789553880691528,1
000329.jpg,1,4,0.9616780281066895,1
000337.jpeg,0,4,0.1368389129638672,0
000338.jpg,1,4,0.987616240978241,1
000343.jpg,0,0,0.08093671500682831,0
000347.jpg,1,2,0.715225100517273,1
000356.jpg,0,2,0.16913124918937683,0
000361.jpg,1,4,0.9725192785263062,1
000362.jpg,1,1,0.9617499113082886,1
000371.jpg,1,0,0.9027811288833618,1
000373.jpg,1,2,0.9114953279495239,1
000375.jpg,1,3,0.8822250962257385,1
000386.jpg,0,1,0.06828853487968445,0
000388.jpg,1,1,0.936051607131958,1
000389.jpg,1,2,0.8912444114685059,1
000394.jpg,0,4,0.2892712950706482,0
000399.jpg,0,1,0.2622745931148529,0
000401.jpg,1,4,0.9164093732833862,1
000403.jpg,1,1,0.973036527633667,1
000405.jpg,0,2,0.15739572048187256,0
000408.jpg,1,0,0.8702667951583862,1
000411.jpg,1,3,0.9580694437026978,1
000412.jpg,1,3,0.9548162817955017,1
000413.jpg,1,3,0.9840936064720154,1
000417.jpg,1,2,0.32648614048957825,0
000428.jpg,0,0,0.09756221622228622,0
000429.jpg,0,0,0.06903792917728424,0
000430.jpeg,0,3,0.21060390770435333,0
000431.jpg,1,2,0.9502266049385071,1
000432.jpg,1,4,0.9059898257255554,1
000435.jpg,0,2,0.19559408724308014,0
000437.jpg,1,4,0.8976953029632568,1
000438.jpg,0,0,0.06742378324270248,0
000441.jpg,0,2,0.15027806162834167,0
000448.jpg,1,2,0.9091032147407532,1
000450.jpg,1,3,0.7923036217689514,1
000453.jpg,1,3,0.9623205661773682,1
000457.jpg,1,4,0.9844563603401184,1
000458.jpg,0,4,0.07172112911939621,0
000461.jpg,1,2,0.8677098155021667,1
000462.jpg,1,1,0.9570375084877014,1
000465.jpg,1,3,0.9273633360862732,1
000466.jpg,0,4,0.05399883911013603,0
000468.jpg,1,0,0.9604353904724121,1
000469.jpg,0,4,0.3557749092578888,0
000471.jpg,1,0,0.7926247715950012,1
000474.jpg,1,2,0.9501341581344604,1
000476.jpg,0,4,0.13240234553813934,0
000477.jpg,0,0,0.21044160425662994,0
000479.jpg,0,4,0.16398024559020996,0
000481.jpg,1,4,0.8119744062423706,1
000486.jpg,0,2,0.3293917179107666,0
000491.jpg,0,3,0.040616780519485474,0
000493.jpg,1,3,0.9715099930763245,1
000495.jpg,1,2,0.6434413194656372,1
000499.jpg,1,0,0.8860265612602234,1
000500.jpg,1,0,0.9322068691253662,1
000502.jpg,1,1,0.9698996543884277,1
000505.jpg,1,1,0.9780517220497131,1
000507.jpg,1,0,0.925499677658081,1
000510.jpg,0,1,0.0960254892706871,0
000511.jpg,0,0,0.07356305420398712,0
000513.jpg,1,3,0.6893056035041809,1
000520.jpg,1,0,0.9108630418777466,1
000522.jpg,0,1,0.11797800660133362,0
000527.jpg,0,0,0.09653531759977341,0
000532.jpg,0,1,0.058238621801137924,0
000536.jpg,0,0,0.07276838272809982,0
000540.jpg,1,1,0.8703770637512207,1
000543.jpg,0,3,0.11899801343679428,0
000545.jpg,0,4,0.0645354837179184,0
000548.jpg,0,1,0.23178809881210327,0
000549.jpg,1,4,0.8785228729248047,1
000551.jpg,1,0,0.9069831967353821,1
000559.jpg,0,3,0.09318170696496964,0
000560.jpg,1,0,0.8906751871109009,1
000561.jpg,0,3,0.19574777781963348,0
000562.jpg,1,4,0.9448931217193604,1
000565.jpg,1,4,0.97334223985672,1
000568.jpg,0,1,0.6738358736038208,1
000569.jpg,0,4,0.0768222063779831,0
000571.jpg,1,4,0.9736947417259216,1
000575.jpg,1,0,0.8873999118804932,1
000577.jpeg,0,0,0.1563623696565628,0
000584.jpg,1,1,0.9689738154411316,1
000591.jpg,1,1,0.9540517926216125,1
000595.jpg,0,1,0.06878729909658432,0
000596.jpg,1,1,0.9026095867156982,1
000601.jpg,0,0,0.07751766592264175,0
000602.jpg,1,2,0.9041438698768616,1
000606.jpg,1,0,0.7377254366874695,1
000607.jpg,0,3,0.09756221622228622,0
000608.jpg,1,4,0.9800530076026917,1
000609.jpg,0,3,0.08374040573835373,0
000614.jpg,1,1,0.7796576023101807,1
000615.jpg,0,2,0.10070160776376724,0
000617.jpg,1,2,0.9240047931671143,1
000622.jpg,1,1,0.9017477631568909,1
000628.jpg,1,2,0.8910549879074097,1
000630.jpg,1,2,0.7934262752532959,1
000632.jpg,0,1,0.06954174488782883,0
000635.jpg,1,3,0.9492946267127991,1
000637.jpg,1,0,0.9843964576721191,1
000639.jpg,1,3,0.9498556852340698,1
000645.jpg,1,3,0.892375111579895,1
000647.jpg,1,2,0.8649961352348328,1
000652.jpg,1,4,0.9486324787139893,1
000663.jpg,0,3,0.04240382835268974,0
000669.jpg,0,1,0.4411914050579071,0
000675.jpg,1,1,0.9845753908157349,1
000677.jpg,0,0,0.07030384987592697,0
000679.jpg,1,2,0.9178933501243591,1
000680.jpg,1,2,0.8467044830322266,1
000687.jpg,1,3,0.9860442876815796,1
000688.jpg,0,4,0.04958902671933174,0
000690.jpg,1,3,0.9424007534980774,1
000692.jpg,0,2,0.1524103283882141,0
000693.jpg,1,3,0.9708540439605713,1
000694.jpg,0,1,0.0753123015165329,0
000695.jpg,1,1,0.9184802770614624,1
000704.jpg,1,4,0.9836598634719849,1
000705.jpg,1,1,0.9618934392929077,1
000707.jpg,1,1,0.3388424217700958,0
000708.jpg,1,3,0.9859364032745361,1
000710.jpg,0,0,0.04646466299891472,0
000713.jpg,0,1,0.9628831148147583,1
000715.jpg,0,4,0.9217811226844788,1
000718.jpg,1,4,0.9901401400566101,1
000729.jpg,1,2,0.7988152503967285,1
000732.jpg,1,2,0.9417614340782166,1
000739.jpg,0,2,0.09551806002855301,0
000750.jpg,0,2,0.12874406576156616,0
000761.jpg,0,2,0.07329727709293365,0
000762.jpg,0,2,0.13939638435840607,0
000765.jpg,1,0,0.9576753973960876,1
000775.jpg,0,4,0.5908382534980774,1
000778.jpg,1,1,0.9537081718444824,1
000780.jpg,0,1,0.05165378004312515,0
000782.jpg,1,0,0.9501341581344604,1
000783.jpg,0,4,0.08314291387796402,0
000784.jpeg,0,0,0.07055959850549698,0
000790.jpg,0,2,0.09105828404426575,0
000791.jpg,1,2,0.9043130874633789,1
000794.jpg,1,0,0.8804891109466553,1
000803.jpeg,0,2,0.5430147647857666,1
000807.jpg,1,4,0.9606574773788452,1
000809.jpg,1,1,0.9629528522491455,1
000811.jpg,1,0,0.9625324606895447,1
000815.jpg,0,3,0.2221934050321579,0
000818.jpg,0,1,0.18491464853286743,0
000820.jpg,1,0,0.9571978449821472,1
000825.jpg,0,2,0.44785264134407043,0
000828.jpg,0,4,0.7914988994598389,1
000830.jpg,1,2,0.885433554649353,1
000835.jpg,0,3,0.06693419814109802,0
000836.jpg,0,3,0.05602938309311867,0
000837.jpg,1,0,0.9795506000518799,1
000839.jpg,0,3,0.2062538117170334,0
000854.jpg,0,3,0.0832919254899025,0
000855.jpg,1,4,0.9598374962806702,1
000857.jpg,0,3,0.03403615206480026,0
000859.jpg,0,1,0.1792430430650711,0
000866.jpg,1,0,0.9508692026138306,1
000867.jpg,0,3,0.17147701978683472,0
000868.jpg,1,0,0.9446893334388733,1
000871.jpg,1,0,0.8792504668235779,1
000873.jpg,0,3,0.0787840187549591,0
000878.jpg,1,0,0.9518632292747498,1
000879.jpg,1,1,0.9559813141822815,1
000881.jpg,1,3,0.961243748664856,1
000884.jpg,1,1,0.9616780281066895,1
000885.jpg,0,0,0.059866417199373245,0
000887.jpg,0,4,0.16224727034568787,0
000889.jpg,0,2,0.6196439266204834,1
000891.jpg,0,3,0.15228420495986938,0
000894.jpg,0,3,0.07198162376880646,0
000898.jpg,0,3,0.017576880753040314,0
000901.jpg,1,4,0.9814178347587585,1
000905.jpg,0,2,0.42853230237960815,0
000907.jpg,0,0,0.1651887148618698,0
000911.jpg,0,0,0.08151976019144058,0
000914.jpg,1,2,0.915808916091919,1
000916.jpg,0,4,0.0593191459774971,0
000917.jpg,1,1,0.9046505093574524,1
000926.jpg,1,1,0.9333093762397766,1
000934.jpg,1,0,0.8745065331459045,1
000937.jpg,1,1,0.9519526958465576,1
000939.jpg,0,2,0.12064587324857712,0
000942.jpg,1,1,0.9086179733276367,1
000944.jpg,0,2,0.12874406576156616,0
000947.jpg,1,3,0.9763104915618896,1
000949.jpg,1,2,0.9231777787208557,1
000950.jpg,1,0,0.9609517455101013,1
000953.jpeg,0,4,0.17441026866436005,0
000955.jpg,1,0,0.9760836362838745,1
000960.jpg,1,4,0.9892232418060303,1
000966.jpg,1,1,0.9144436717033386,1
000967.jpg,0,0,0.06255973130464554,0
000974.jpg,0,2,0.13626320660114288,0
000980.jpg,1,3,0.802555501461029,1
000982.jpg,0,1,0.41069722175598145,0
000983.jpg,0,0,0.05184547230601311,0
000985.jpg,1,4,0.9054896235466003,1
000989.jpeg,0,2,0.23091977834701538,0
000990.jpg,1,3,0.9817706942558289,1
000992.jpg,0,3,0.04328484460711479,0
000993.jpg,1,2,0.9242786765098572,1
000994.jpg,1,2,0.9368651509284973,1
000999.jpg,1,2,0.9257686138153076,1
001002.jpg,1,4,0.5538974404335022,1
001006.jpg,0,0,0.027954399585723877,0
001012.jpg,1,1,0.9367494583129883,1
001014.jpg,1,1,0.9259026646614075,1
001016.jpg,0,0,0.14940723776817322,0
001017.jpg,1,1,0.9586926698684692,1
001018.jpg,0,1,0.0468120314180851,0
001026.jpg,1,2,0.918333888053894,1
001027.jpg,1,1,0.8889517188072205,1
001029.jpg,1,3,0.8830344080924988,1
001037.jpg,1,4,0.9685600996017456,1
001039.jpg,1,4,0.956308901309967,1
001042.jpg,1,3,0.9828891754150391,1
001043.jpg,0,3,0.08050192892551422,0
001045.jpg,0,3,0.024750972166657448,0
001046.jpg,1,2,0.8411743640899658,1
001049.jpg,1,4,0.8568122982978821,1
001055.jpg,1,3,0.9272316098213196,1
001058.jpg,0,0,0.06717857718467712,0
001060.jpg,1,3,0.9542226791381836,1
001065.jpg,1,1,0.918333888053894,1
001069.jpg,1,0,0.9606574773788452,1
001070.jpg,1,0,0.9591543078422546,1
001073.jpg,1,3,0.9764904975891113,1
001074.jpg,1,0,0.9665370583534241,1
001078.jpg,0,0,0.07276838272809982,0
001079.jpg,0,2,0.09653531759977341,0
001081.jpg,1,4,0.5443170070648193,1
001083.jpg,1,1,0.9683213829994202,1
001089.jpg,1,4,0.8541562557220459,1
001093.jpg,0,1,0.19345194101333618,0
001108.jpg,0,1,0.14104463160037994,0
001111.jpg,1,4,0.9516838788986206,1
001112.jpg,0,4,0.6074303388595581,1
001116.jpg,1,1,0.9787938594818115,1
001120.jpg,1,0,0.9462003111839294,1
001132.jpg,1,2,0.9377830028533936,1
001139.jpg,0,0,0.14199377596378326,0
001141.jpg,1,0,0.9554024338722229,1
001146.jpg,1,3,0.963161289691925,1
001148.jpg,1,4,0.9604353904724121,1
001150.jpg,1,2,0.815232515335083,1
001151.jpg,1,4,0.9805434346199036,1
001155.jpg,0,3,0.03416481614112854,0
001157.jpg,1,3,0.8879840970039368,1
001161.jpg,1,2,0.9276259541511536,1
001172.jpg,1,4,0.6344301104545593,1
001175.jpg,0,0,0.19208428263664246,0
001183.jpg,0,4,0.055208683013916016,0
001185.jpg,1,1,0.968020498752594,1
001186.jpg,1,0,0.9775429368019104,1
001187.jpg,1,0,0.9171544313430786,1
001193.jpg,1,1,0.9762200117111206,1
001203.jpg,0,4,0.07263670861721039,0
001208.jpg,1,1,0.9212159514427185,1
001219.jpg,0,2,0.08897849172353745,0
001224.jpg,0,3,0.12819735705852509,0
001227.jpeg,0,2,0.25888770818710327,0
001231.jpg,1,0,0.9494823217391968,1
001234.jpg,1,3,0.956308901309967,1
001237.jpg,1,4,0.9433475732803345,1
001239.jpg,0,2,0.09122006595134735,0
001240.jpg,1,0,0.9515940546989441,1
001245.jpg,0,4,0.07198162376880646,0
001255.jpg,1,3,0.8625832796096802,1
001263.jpg,0,4,0.2512800693511963,0
001275.jpg,1,4,0.9636433720588684,1
001278.jpg,0,0,0.12116486579179764,0
001279.jpg,1,3,0.9240047931671143,1
001284.jpg,1,3,0.6789658665657043,1
001294.jpg,1,2,0.8560919761657715,1
001300.jpg,1,0,0.6943026781082153,1
001301.jpg,0,0,0.10158944875001907,0
001304.jpg,1,0,0.9662834405899048,1
001306.jpg,1,2,0.933552086353302,1
001307.jpg,1,2,0.8929365277290344,1
001310.jpg,0,4,0.055720292031764984,0
001312.jpg,1,3,0.9712384939193726,1
001314.jpg,1,1,0.9318356513977051,1
001315.jpg,1,4,0.954647421836853,1
001320.jpg,1,1,0.8051729798316956,1
001328.jpg,1,1,0.9682013392448425,1
001330.jpg,1,4,0.685949444770813,1
001331.jpg,1,4,0.8020908832550049,1
001332.jpg,0,0,0.06255973130464554,0
001334.jpg,1,3,0.9248236417770386,1
001339.jpg,0,1,0.15015341341495514,0
001341.jpg,1,2,0.8054792284965515,1
001344.jpg,1,0,0.8433797955513,1
001347.jpg,1,4,0.9577545523643494,1
001353.jpg,0,0,0.1149633601307869,0
001362.jpg,1,0,0.7325918078422546,1
001364.jpg,1,2,0.9046505093574524,1
001370.jpg,1,0,0.9734938144683838,1
001371.jpg,1,3,0.9527502655982971,1
001375.jpg,0,4,0.06131153553724289,0
001377.jpg,1,0,0.9752018451690674,1
001378.jpg,1,1,0.9822195768356323,1
001383.jpg,0,1,0.20995521545410156,0
001386.jpg,0,4,0.08166610449552536,0
001387.jpg,0,2,0.10484336316585541,0
001388.jpg,1,4,0.5152921676635742,1
001395.jpg,1,2,0.9424007534980774,1
001399.jpg,1,1,0.7702920436859131,1
001401.jpg,0,4,0.06620602309703827,0
001402.jpg,0,3,0.053403329104185104,0
001404.jpg,1,0,0.9540517926216125,1
001406.jpg,1,4,0.9809491038322449,1
001407.jpg,0,4,0.07892589271068573,0
001409.jpg,1,4,0.6992544531822205,1
001410.jpg,1,1,0.9510514140129089,1
001414.jpg,1,2,0.8910549879074097,1
001422.jpg,1,3,0.939024806022644,1
001425.jpg,1,2,0.9353464841842651,1
001426.jpg,0,0,0.043204035609960556,0
001431.jpg,0,1,0.12787029147148132,0
001433.jpg,1,2,0.30074557662010193,0
001439.jpg,1,3,0.879871129989624,1
001440.jpg,1,4,0.9843964576721191,1
001444.jpg,1,4,0.933552086353302,1
001449.jpg,1,0,0.9489172697067261,1
001454.jpg,1,4,0.9832144975662231,1
001462.jpg,0,0,0.14560064673423767,0
001467.jpg,1,4,0.9400236010551453,1
001468.jpg,0,1,0.32167303562164307,0
001469.jpg,0,3,0.07696083933115005,0
001471.jpg,1,2,0.8180109858512878,1
001479.jpg,0,0,0.05310790240764618,0
001482.jpg,0,0,0.12189465761184692,0
001490.jpg,1,0,0.896251380443573,1
001492.jpg,1,1,0.9774571061134338,1
001497.jpg,1,4,0.9817357659339905,1
001498.jpg,1,3,0.8816148638725281,1
001499.jpg,1,4,0.9787533283233643,1
001501.jpg,1,4,0.7291342616081238,1
001505.jpg,1,4,0.9654463529586792,1
001506.jpg,0,2,0.19299523532390594,0
001508.jpg,1,1,0.9053223133087158,1
001511.jpg,1,2,0.8535469174385071,1
001513.jpg,0,3,0.06465348601341248,0
001516.jpg,0,4,0.9708540439605713,1
001521.jpg,0,4,0.07107366621494293,0
001526.jpg,1,2,0.9124361872673035,1
001533.jpg,1,1,0.9014011025428772,1
001535.jpeg,0,0,0.07558479905128479,0
001536.jpg,0,4,0.060863446444272995,0
001537.jpg,1,4,0.9927109479904175,1
001538.jpg,1,4,0.786786675453186,1
001541.jpg,0,3,0.06941547244787216,0
001549.jpg,1,1,0.9812749028205872,1
001553.jpg,1,0,0.9520419239997864,1
001567.jpg,1,2,0.9210741519927979,1
001568.jpg,0,3,0.10875558853149414,0
001571.jpeg,0,1,0.16626888513565063,0
001575.jpg,1,1,0.788257360458374,1
001576.jpg,0,0,0.17426970601081848,0
001577.jpg,0,1,0.1233656257390976,0
001579.jpg,0,1,0.3702253997325897,0
001583.jpg,1,2,0.9222025275230408,1
001587.jpg,1,3,0.9775000214576721,1
001593.jpg,0,3,0.2483518421649933,0
001597.jpg,1,2,0.8792504668235779,1
001601.jpg,1,0,0.95413738489151,1
001610.jpg,1,2,0.9626027941703796,1
001612.jpg,1,4,0.9736446738243103,1
001613.jpg,1,2,0.6834195256233215,1
001618.jpg,1,2,0.9315870404243469,1
001623.jpg,1,0,0.9468920826911926,1
001625.jpg,0,2,0.22202469408512115,0
001627.jpg,1,3,0.9386884570121765,1
001628.jpg,1,3,0.94629967212677,1
001629.jpg,0,2,0.1439080834388733,0
001630.jpg,1,3,0.9682613611221313,1
001636.jpg,1,4,0.9304582476615906,1
001640.jpg,1,4,0.9845753908157349,1
001645.jpg,1,2,0.9147487282752991,1
001647.jpg,0,4,0.38931432366371155,0
001648.jpg,1,4,0.9596109390258789,1
001649.jpg,1,1,0.9415467381477356,1
001652.jpg,1,2,0.8836382627487183,1
001659.jpg,0,2,0.12907303869724274,0
001662.jpg,0,4,0.060418423265218735,0
001670.jpg,0,2,0.1949802190065384,0
001674.jpg,1,4,0.9933846592903137,1
001675.jpg,1,2,0.9133679866790771,1
001681.jpg,1,2,0.7926247715950012,1
001682.jpg,0,2,0.4050956964492798,0
001683.jpg,0,0,0.09467770159244537,0
001684.jpg,1,4,0.9844563603401184,1
001686.jpg,1,3,0.9732407331466675,1
001688.jpg,0,3,0.49732208251953125,1
001690.jpg,1,2,0.8668103814125061,1
001691.jpg,1,4,0.9497627019882202,1
001696.jpg,1,3,0.9800149202346802,1
001697.jpg,1,0,0.937325656414032,1
001698.jpg,1,2,0.8955226540565491,1
001700.jpg,1,0,0.954308032989502,1
001701.jpg,1,4,0.9652503728866577,1
001703.jpg,0,4,0.052134253084659576,0
001709.jpg,1,2,0.9044819474220276,1
001710.jpg,1,0,0.9679599404335022,1
001713.jpg,1,4,0.9813822507858276,1
001715.jpg,0,3,0.025662705302238464,0
001724.jpg,1,4,0.9402433633804321,1
001728.jpg,0,4,0.0626743733882904,0
001730.jpg,0,3,0.09877258539199829,0
001734.jpg,1,0,0.9100669622421265,1
001735.jpg,1,3,0.9685006141662598,1
001737.jpg,1,4,0.9626027941703796,1
001738.jpg,1,0,0.8203255534172058,1
001742.jpg,1,1,0.9281486868858337,1
001758.jpg,0,2,0.13846179842948914,0
001761.jpg,1,3,0.9224823713302612,1
001768.jpg,1,0,0.8873999118804932,1
001770.jpg,1,4,0.9649212956428528,1
001778.jpg,1,0,0.9353464841842651,1
001779.jpg,1,4,0.894789457321167,1
001787.jpg,1,4,0.9893062710762024,1
001797.jpg,0,2,0.10320504754781723,0
001800.jpg,0,1,0.4068619906902313,0
001811.jpg,0,3,0.10706345736980438,0
001814.jpg,0,2,0.45713669061660767,0
001822.jpg,1,4,0.4438113570213318,0
001826.jpg,0,0,0.15190638601779938,0
001832.jpg,1,4,0.9437636137008667,1
001840.jpg,1,1,0.9725192785263062,1
001849.jpg,0,0,0.0650087296962738,0
001851.jpg,1,4,0.9672250151634216,1
001853.jpg,1,0,0.6554462909698486,1
001860.jpg,0,0,0.05738753825426102,0
001862.jpg,1,0,0.9389128684997559,1
001864.jpg,1,0,0.8480936288833618,1
001865.jpg,0,0,0.11456649005413055,0
001870.jpg,1,4,0.961533784866333,1
001877.jpg,1,0,0.939581573009491,1
001878.jpg,0,2,0.07599522173404694,0
001880.jpg,0,0,0.30177342891693115,0
001882.jpg,1,3,0.5464356541633606,1
001883.jpg,0,4,0.1155608743429184,0
001886.jpg,1,4,0.9649873375892639,1
001888.jpg,0,0,0.08866234868764877,0
001891.jpg,1,1,0.9606574773788452,1
001892.jpg,1,4,0.9550683498382568,1
001894.jpg,0,2,0.12085322290658951,0
001899.jpg,0,0,0.8814108967781067,1
001901.jpg,0,3,0.048316068947315216,0
001913.jpg,1,2,0.6303436756134033,1
001916.jpg,1,2,0.9421883225440979,1
001920.jpg,1,4,0.9875683188438416,1
001921.jpg,1,2,0.9278878569602966,1
001923.jpg,1,2,0.9474782943725586,1
001926.jpg,1,3,0.9322068691253662,1
001928.jpg,0,3,0.09964530169963837,0
001931.jpg,1,3,0.9794721603393555,1
001932.jpg,0,3,0.0629042461514473,0
001935.jpg,1,4,0.983020007610321,1
001936.jpg,0,2,0.1359187811613083,0
001940.jpg,1,2,0.8483450412750244,1
001941.jpg,1,3,0.8891444206237793,1
001943.jpg,0,3,0.17638768255710602,0
001948.jpg,0,4,0.3796083331108093,0
001958.jpg,0,4,0.07159119844436646,0
001959.jpg,1,4,0.9413313865661621,1
001961.jpg,1,0,0.9858275651931763,1
001965.jpg,1,4,0.9853842854499817,1
001970.jpg,1,0,0.7884203195571899,1
001973.jpg,0,0,0.058560825884342194,0
001974.jpg,0,2,0.17539678514003754,0
001977.jpg,1,3,0.9386884570121765,1
001978.jpg,0,4,0.05717659741640091,0
001979.jpg,1,2,0.7970833778381348,1
001981.jpg,0,4,0.05665242671966553,0
001984.jpg,1,4,0.9549844264984131,1
001989.jpg,1,2,0.7794896960258484,1
001993.jpg,1,1,0.9381240010261536,1
001995.jpg,1,4,0.7919820547103882,1
001996.jpg,0,3,0.08616955578327179,0
001998.jpg,1,0,0.9778411984443665,1
002004.jpg,1,1,0.980205237865448,1
002005.jpg,1,0,0.8505927920341492,1
002007.jpg,1,3,0.8349459171295166,1
002008.jpg,1,3,0.9919067621231079,1
002010.jpg,0,3,0.04328484460711479,0
002013.jpg,0,4,0.06804042309522629,0
002019.jpg,0,0,0.09351231157779694,0
002023.jpg,1,1,0.9761745929718018,1
002034.jpg,0,3,0.04629189893603325,0
002042.jpg,1,4,0.9948603510856628,1
002045.jpg,1,0,0.9430335760116577,1
002047.jpg,1,1,0.967348575592041,1
002048.jpg,0,2,0.11066322773694992,0
002051.jpg,1,2,0.9084556102752686,1
002058.jpg,1,0,0.74167400598526,1
002064.jpg,1,0,0.9437636137008667,1
002065.jpg,1,4,0.9274948239326477,1
002067.jpg,1,4,0.9851003289222717,1
002074.jpg,1,0,0.7597605586051941,1
002083.jpg,1,1,0.9717254042625427,1
002084.jpg,0,4,0.05845324322581291,0
002110.jpg,0,0,0.05964693799614906,0
002116.jpg,1,2,0.3379678428173065,0
002121.jpg,1,3,0.5394684672355652,1
002123.jpg,1,3,0.8949732184410095,1
002135.jpg,1,3,0.9716717004776001,1
002145.jpg,1,3,0.9798612594604492,1
002154.jpg,0,3,0.7577943801879883,1
002160.jpg,0,0,0.12495855987071991,0
002162.jpg,0,2,0.0972188413143158,0
002163.jpg,0,3,0.036356665194034576,0
002166.jpg,0,2,0.19178137183189392,0
002169.jpg,1,4,0.9330658316612244,1
002180.jpg,1,1,0.9791954755783081,1
002185.jpg,1,0,0.8610715270042419,1
002186.jpg,1,2,0.9412234425544739,1
002191.jpg,1,1,0.6396235227584839,1
002192.jpg,0,0,0.8782098889350891,1
002193.jpg,0,2,0.45087310671806335,0
002204.jpg,0,4,0.1359187811613083,0
002205.jpg,1,4,0.9540517926216125,1
002208.jpg,1,4,0.9565531015396118,1
002209.jpg,1,3,0.9939261078834534,1
002216.jpg,1,0,0.922062337398529,1
002217.jpg,0,0,0.103748619556427,0
002221.jpg,1,4,0.4603798985481262,1
002224.jpg,0,0,0.2624635696411133,0
002230.jpg,1,0,0.9734938144683838,1
002231.jpg,0,3,0.11920293420553207,0
002233.jpg,0,2,0.09089675545692444,0
002241.jpg,1,1,0.9175984263420105,1
002244.jpg,0,2,0.10669060051441193,0
002248.jpg,1,3,0.9707987308502197,1
002257.jpg,0,4,0.32220596075057983,0
002261.jpg,1,3,0.9789956212043762,1
002266.jpg,0,3,0.04177388176321983,0
002268.jpg,0,3,0.7940657734870911,1
002273.jpg,1,1,0.8617710471153259,1
002274.jpg,0,1,0.15817435085773468,0
002275.jpg,0,2,0.16681107878684998,0
002280.jpg,0,0,0.0478690080344677,0
002281.jpg,0,4,0.2271263152360916,0
002288.jpg,1,0,0.9570375084877014,1
002293.jpg,1,1,0.8469578623771667,1
002294.jpg,0,0,0.05802474543452263,0
002301.jpg,1,3,0.9705764651298523,1
002302.jpg,1,0,0.9092645049095154,1
002304.jpg,1,3,0.9241418242454529,1
002308.jpg,1,1,0.9658352136611938,1
002309.jpg,0,2,0.13846179842948914,0
002310.jpg,1,0,0.9882221817970276,1
002311.jpg,1,2,0.32082128524780273,0
002322.jpg,0,0,0.10212548077106476,0
002326.jpg,1,2,0.8715841770172119,1
002329.jpg,0,2,0.10706345736980438,0
002335.jpg,1,4,0.8976953029632568,1
002337.jpg,1,0,0.6677979230880737,1
002348.jpg,1,2,0.888372004032135,1
002352.jpg,1,4,0.9915544390678406,1
002353.jpg,1,1,0.9828232526779175,1
002354.jpg,1,0,0.8679338097572327,1
002355.jpg,0,2,0.19208428263664246,0
002357.jpg,0,1,0.12199922651052475,0
002359.jpg,0,1,0.05070536583662033,0
002365.jpg,0,2,0.08772000670433044,0
002369.jpg,0,1,0.09268777817487717,0
002374.jpg,0,2,0.3619537055492401,0
002378.jpg,1,3,0.7503698468208313,1
002383.jpg,0,1,0.08586245775222778,0
002384.jpg,1,1,0.9653811454772949,1
002388.jpg,1,1,0.9824230670928955,1
002393.jpg,1,1,0.9798226952552795,1
002395.jpg,1,1,0.9722570776939392,1
002397.jpg,1,3,0.9334307909011841,1
002399.jpg,0,4,0.05136751011013985,0
002401.jpg,1,4,0.9008791446685791,1
002402.jpg,0,0,0.09089675545692444,0
002403.jpg,1,2,0.911337673664093,1
002411.jpg,1,0,0.9639160633087158,1
002415.jpg,0,4,0.08035747706890106,0
002422.jpg,0,2,0.0928521603345871,0
002423.jpg,1,2,0.9433475732803345,1
002431.jpg,0,1,0.16132023930549622,0
002439.jpg,1,3,0.9404625296592712,1
002440.jpg,0,0,0.0832919254899025,0
002447.jpg,0,4,0.04001227021217346,0
002453.jpg,0,0,0.04620574787259102,0
002454.jpg,0,4,0.04698663949966431,0
002465.jpg,1,0,0.936168372631073,1
002466.jpg,1,0,0.9767136573791504,1
002472.jpg,1,1,0.9669140577316284,1
002473.jpg,1,2,0.8927496671676636,1
002481.jpg,1,1,0.8691603541374207,1
002482.jpg,0,4,0.0511774942278862,0
002483.jpg,1,1,0.9708540439605713,1
002484.jpg,1,3,0.6077796220779419,1
002485.jpg,0,1,0.7826625108718872,1
002486.jpg,1,0,0.9187722206115723,1
002488.jpg,0,4,0.19728974997997284,0
002491.jpg,0,3,0.11047115921974182,0
002494.jpg,1,2,0.9245515465736389,1
002501.jpg,0,3,0.030214587226510048,0
002503.jpg,1,3,0.9150528311729431,1
002509.jpg,0,4,0.06336633861064911,0
002512.jpg,1,1,0.963711678981781,1
002513.jpg,1,1,0.957912266254425,1
002519.jpg,0,4,0.06903792917728424,0
002520.jpg,0,4,0.053403329104185104,0
002522.jpg,1,0,0.9408984184265137,1
002524.jpg,0,0,0.08225394785404205,0
002525.jpg,1,3,0.2658804655075073,0
002527.jpg,0,1,0.43452128767967224,0
002529.jpg,0,2,0.15215818583965302,0
002530.jpg,1,1,0.9710193276405334,1
002535.jpg,0,3,0.0684129148721695,0
002542.jpg,0,2,0.7654179930686951,1
002544.jpg,1,2,0.9530133008956909,1
002545.jpg,1,0,0.8350804448127747,1
002558.jpg,0,2,0.12678517401218414,0
002560.jpg,0,2,0.10856642574071884,0
002563.jpg,1,0,0.9591543078422546,1
002564.jpg,0,1,0.0832919254899025,0
002565.jpg,1,0,0.929951012134552,1
002570.jpg,0,0,0.10158944875001907,0
002572.jpg,0,0,0.2163424789905548,0
002573.jpg,1,3,0.9920926690101624,1
002578.jpg,0,4,0.06853749603033066,0
002584.jpg,0,2,0.1030244380235672,0
002589.jpg,0,3,0.11162799596786499,0
002591.jpg,0,3,0.09636510908603668,0
002592.jpeg,0,3,0.12874406576156616,0
002596.jpg,1,1,0.4786354601383209,1
002603.jpg,1,0,0.8258707523345947,1
002604.jpg,1,2,0.8942365646362305,1
002608.jpg,1,2,0.8879840970039368,1
002609.jpg,1,0,0.929568350315094,1
002610.jpg,0,1,0.12442563474178314,0
002611.jpg,1,4,0.9450961351394653,1
002618.jpg,0,3,0.06656918674707413,0
002625.jpg,1,2,0.9276259541511536,1
002627.jpg,0,0,0.08850466459989548,0
002628.jpg,1,4,0.9543930292129517,1
002634.jpg,1,4,0.8899121284484863,1
002642.jpg,0,4,0.05510690063238144,0
002650.jpg,0,2,0.14342749118804932,0
002655.jpg,0,2,0.28977349400520325,0
002663.jpg,0,2,0.231440469622612,0
002669.jpg,1,1,0.9683812260627747,1
002672.jpg,1,3,0.9608049392700195,1
002678.jpg,1,1,0.9181873202323914,1
002679.jpg,1,3,0.9775000214576721,1
002681.jpg,1,0,0.8714748620986938,1
002683.jpg,0,1,0.06742378324270248,0
002690.jpg,0,0,0.10230471193790436,0
002696.jpg,1,4,0.9772841930389404,1
002701.jpg,1,4,0.979393482208252,1
002702.jpg,0,3,0.05320620536804199,0
002711.jpg,0,3,0.04778006672859192,0
002714.jpg,0,2,0.2544163167476654,0
002716.jpg,0,2,0.11716747283935547,0
002717.jpg,0,4,0.0487670972943306,0
002732.jpg,1,1,0.9751545190811157,1
002738.jpg,0,3,0.04858620837330818,0
002741.jpg,1,1,0.8441522121429443,1
002743.jpg,1,0,0.9662197828292847,1
002745.jpg,0,1,0.08050192892551422,0
002747.jpg,0,3,0.43194353580474854,0
002750.jpg,1,3,0.8975157737731934,1
002753.jpg,1,3,0.8566924333572388,1
002758.jpg,0,0,0.17370831966400146,0
002760.jpg,1,0,0.9505029916763306,1
002769.jpg,1,3,0.5638583302497864,1
002772.jpg,0,1,0.13568955659866333,0
002777.jpg,1,3,0.9102267622947693,1
002780.jpg,1,2,0.8648820519447327,1
002781.jpg,0,3,0.3948424458503723,0
002783.jpg,0,0,0.137648344039917,0
002784.jpg,1,1,0.9700703024864197,1
002789.jpg,1,1,0.8635067343711853,1
002790.jpg,1,4,0.9839090704917908,1
002793.jpg,1,2,0.4659038484096527,1
002802.jpg,0,3,0.06383161246776581,0
002811.jpg,1,0,0.9611709713935852,1
002827.jpg,0,2,0.10557883977890015,0
002828.jpg,0,3,0.0446808747947216,0
002833.jpg,0,4,0.09807931631803513,0
002840.jpg,1,3,0.9685600996017456,1
002843.jpg,0,4,0.0586685985326767,0
002853.jpg,0,2,0.44779232144355774,0
002858.jpg,1,2,0.9310875535011292,1
002860.jpg,0,1,0.14438998699188232,0
002861.jpg,1,4,0.8438951373100281,1
002865.jpg,1,0,0.6696368455886841,1
002869.jpg,0,1,0.1427091360092163,0
002870.jpg,1,2,0.8904848694801331,1
002872.jpg,0,2,0.09670579433441162,0
002877.jpg,1,2,0.9078037738800049,1
002880.jpg,1,1,0.9624620079994202,1
002881.jpg,1,3,0.9510514140129089,1
002882.jpg,1,1,0.9161096215248108,1
002883.jpg,1,4,0.9458011984825134,1
002886.jpg,1,1,0.9499486684799194,1
002887.jpg,0,1,0.08225394785404205,0
002889.jpg,0,1,0.19057334959506989,0
002890.jpg,1,3,0.9643214344978333,1
002892.jpg,1,1,0.9698996543884277,1
002896.jpg,1,3,0.8778960704803467,1
002900.jpg,1,2,0.9066531658172607,1
002902.jpg,1,4,0.941439151763916,1
002904.jpg,0,4,0.11940815299749374,0
002910.jpg,1,3,0.5814219117164612,1
002915.jpg,1,4,0.7995988726615906,1
002918.jpg,0,0,0.07963874191045761,0
002920.jpg,1,3,0.956308901309967,1
002932.jpg,1,1,0.9381240010261536,1
002933.jpg,0,1,0.06596492975950241,0
002934.jpg,1,1,0.9736947417259216,1
002935.jpeg,0,2,0.17328819632530212,0
002938.jpg,1,0,0.9375547766685486,1
002944.jpg,0,0,0.1617170125246048,0
002948.jpg,1,4,0.917302668094635,1
002950.jpg,1,0,0.8910549879074097,1
002951.jpg,1,4,0.9001793265342712,1
002965.jpg,0,3,0.11047115921974182,0
002976.jpg,0,4,0.11838509887456894,0
002980.jpg,1,4,0.9639160633087158,1
002983.jpg,1,0,0.9246877431869507,1
002987.jpg,1,3,0.8264318704605103,1
002992.jpg,1,3,0.9314625263214111,1
002993.jpg,1,0,0.9478657245635986,1
002998.jpg,1,1,0.9657707214355469,1
003003.jpg,1,1,0.9333093762397766,1
003005.jpg,1,1,0.9713473320007324,1
003009.jpg,1,4,0.9177460074424744,1
003011.jpg,1,4,0.9832789301872253,1
003013.jpg,1,2,0.8410438895225525,1
003021.jpg,0,0,0.07043161243200302,0
003029.jpg,1,1,0.9222025275230408,1
003030.jpg,1,3,0.9437636137008667,1
003033.jpg,0,2,0.10875558853149414,0
003034.jpg,1,1,0.9565531015396118,1
003036.jpg,1,1,0.9610249400138855,1
003040.jpg,0,3,0.6904547214508057,1
003043.jpg,1,1,0.9384632706642151,1
003057.jpg,1,0,0.7788175344467163,1
003062.jpg,0,2,0.1550784707069397,0
003064.jpg,0,3,0.0772387832403183,0
003067.jpg,0,1,0.09170696139335632,0
003068.jpg,1,2,0.9241418242454529,1
003079.jpg,1,2,0.9398029446601868,1
003091.jpg,1,0,0.8957052826881409,1
003092.jpg,1,4,0.9822195768356323,1
003095.jpg,0,4,0.05845324322581291,0
003101.jpg,0,2,0.10576342046260834,0
003102.jpg,1,2,0.9550683498382568,1
003113.jpg,1,0,0.9567959308624268,1
003117.jpg,1,0,0.9510514140129089,1
003119.jpg,1,0,0.35947656631469727,0
003123.jpg,1,4,0.9711838364601135,1
003124.jpg,0,3,0.03155902028083801,0
003126.jpg,1,3,0.9453993439674377,1
003130.jpg,1,2,0.9348725080490112,1
003141.jpg,0,2,0.1790994107723236,0
003152.jpg,1,0,0.9269675612449646,1
003157.jpg,0,4,0.06584469974040985,0
003159.jpg,0,3,0.06681232899427414,0
003163.jpg,0,4,0.060418423265218735,0
003167.jpg,1,4,0.9840323328971863,1
003169.jpg,1,2,0.8282453417778015,1
003173.jpg,0,2,0.41004738211631775,0
003174.jpg,0,1,0.07198162376880646,0
003184.jpg,1,4,0.5287615060806274,1
003195.jpg,1,1,0.9342753291130066,1
003196.jpg,0,3,0.05942821875214577,0
003199.jpg,1,2,0.8814108967781067,1
003200.jpg,1,1,0.9475754499435425,1
003205.jpg,1,0,0.8699357509613037,1
003208.jpg,1,4,0.9742394685745239,1
003209.jpg,1,3,0.8366879820823669,1
003210.jpg,1,3,0.24544657766819,0
003211.jpg,1,2,0.7620701193809509,1
003214.jpg,1,0,0.7532851696014404,1
003215.jpg,0,1,0.03403615206480026,0
003217.jpg,0,1,0.17342814803123474,0
003221.jpg,1,3,0.9926542043685913,1
003223.jpg,1,4,0.9074763655662537,1
003227.jpg,0,0,0.22168752551078796,0
003229.jpg,0,0,0.06301946938037872,0
003231.jpg,0,0,0.05997643992304802,0
003238.jpg,1,2,0.9312127232551575,1
003240.jpg,0,0,0.09501305222511292,0
003244.jpg,1,0,0.8482193946838379,1
003245.jpg,1,0,0.17752550542354584,0
003249.jpg,0,2,0.3013620376586914,0
003255.jpg,1,0,0.9717254042625427,1
003262.jpg,0,1,0.1108555942773819,0
003264.jpg,1,4,0.6381590366363525,1
003265.jpg,0,2,0.6625781655311584,1
003266.jpg,1,3,0.6836307048797607,1
003267.jpg,0,4,0.23005375266075134,0
003268.jpg,1,1,0.9471859931945801,1
003276.jpg,1,1,0.791015088558197,1
003283.jpg,1,0,0.9505947232246399,1
003287.jpg,0,3,0.3633079528808594,0
003289.jpg,1,1,0.9667888283729553,1
003292.jpg,1,4,0.949669361114502,1
003293.jpg,0,2,0.10105592012405396,0
003296.jpg,0,1,0.10762491822242737,0
003297.jpg,1,4,0.9017477631568909,1
003299.jpg,1,4,0.6672561168670654,1
003300.jpg,1,0,0.8824278712272644,1
003302.jpg,0,2,0.10539455711841583,0
003303.jpg,0,1,0.6713628768920898,1
003304.jpg,1,1,0.34953272342681885,0
003312.jpg,1,4,0.9167081117630005,1
003315.jpg,0,1,0.1710611879825592,0
003323.jpg,0,3,0.037892427295446396,0
003337.jpg,0,1,0.06584469974040985,0
003339.jpg,1,3,0.9352282881736755,1
003341.jpg,1,4,0.9924813508987427,1
003342.jpg,1,3,0.889720618724823,1
003348.jpg,0,0,0.05360114201903343,0
003350.jpg,1,2,0.8966140151023865,1
003352.jpg,1,2,0.9167081117630005,1
003358.jpg,1,2,0.889720618724823,1
003363.jpg,0,2,0.3421317934989929,0
003373.jpg,1,0,0.8936811685562134,1
003375.jpg,0,0,0.0643000528216362,0
003388.jpg,0,4,0.049497053027153015,0
003391.jpg,0,1,0.12294380366802216,0
003395.jpg,1,3,0.9736947417259216,1
003397.jpeg,0,1,0.10989668220281601,0
003398.jpg,1,4,0.922062337398529,1
003401.jpg,0,2,0.08913693577051163,0
003404.jpg,0,3,0.8814108967781067,1
003408.jpeg,0,1,0.30012983083724976,0
003409.jpg,0,0,0.11838509887456894,0
003411.jpg,1,2,0.8172829747200012,1
003426.jpg,0,2,0.3785739541053772,0
003429.jpg,1,3,0.9678385257720947,1
003431.jpg,1,4,0.9866234660148621,1
003435.jpg,1,3,0.987375020980835,1
003441.jpg,0,1,0.07030384987592697,0
003446.jpg,1,3,0.9611709713935852,1
003447.jpg,0,0,0.07821886986494064,0
003450.jpg,1,2,0.9260365962982178,1
003460.jpg,1,2,0.9248236417770386,1
003462.jpg,1,4,0.94629967212677,1
003468.jpg,1,0,0.9759464263916016,1
003475.jpg,1,0,0.8741846680641174,1
003476.jpg,1,1,0.8868131041526794,1
003477.jpg,1,4,0.8994751572608948,1
003480.jpg,0,3,0.0593191459774971,0
003482.jpg,0,3,0.03096751682460308,0
003490.jpg,1,3,0.9644556045532227,1
003496.jpg,1,0,0.9505947232246399,1
003502.jpg,1,1,0.9758545756340027,1
003503.jpg,0,4,0.10800064355134964,0
003504.jpg,1,3,0.9410068988800049,1
003508.jpg,1,3,0.7908535599708557,1
003511.jpg,0,0,0.08137363195419312,0
003516.jpg,1,2,0.9511421918869019,1
003517.jpg,0,4,0.050517670810222626,0
003518.jpg,0,4,0.7166153788566589,1
003523.jpg,1,3,0.9815244078636169,1
003526.jpg,0,3,0.33350318670272827,0
003529.jpg,1,4,0.8702667951583862,1
003534.jpg,0,3,0.034488528966903687,0
003538.jpg,1,1,0.9821512699127197,1
003539.jpg,1,1,0.46101677417755127,1
003540.jpg,0,2,0.10762491822242737,0
003545.jpg,1,1,0.9095863103866577,1
003547.jpg,0,1,0.0762699767947197,0
003549.jpg,1,4,0.9866234660148621,1
003550.jpg,1,3,0.9448931217193604,1
003555.jpg,1,2,0.8763172030448914,1
003556.jpg,1,0,0.9692660570144653,1
003558.jpg,1,3,0.9068183302879333,1
003564.jpg,1,2,0.8812065720558167,1
003568.jpg,0,3,0.049497053027153015,0
003571.jpg,1,2,0.9604353904724121,1
003572.jpeg,0,1,0.14718706905841827,0
003574.jpg,1,4,0.9709092378616333,1
003577.jpg,1,3,0.9418684244155884,1
003583.jpg,0,4,0.0676698163151741,0
003586.jpg,1,3,0.9153559803962708,1
003588.jpg,0,1,0.10762491822242737,0
003594.jpg,1,1,0.9567152261734009,1
003595.jpg,0,3,0.034100428223609924,0
003601.jpg,0,3,0.043365802615880966,0
003602.jpg,1,0,0.9315870404243469,1
003605.jpg,0,3,0.04742587357759476,0
003606.jpg,1,4,0.988447368144989,1
003609.jpg,1,4,0.9136765599250793,1
003612.jpg,0,1,0.04931360110640526,0
003613.jpg,0,4,0.24562746286392212,0
003614.jpg,1,0,0.7348812818527222,1
003615.jpg,1,3,0.949669361114502,1
003616.jpg,1,2,0.9278878569602966,1
003617.jpg,0,2,0.09877258539199829,0
003618.jpg,1,2,0.8836382627487183,1
003619.jpg,0,4,0.5197041630744934,1
003620.jpg,0,1,0.677580714225769,1
003622.jpg,0,3,0.443208783864975,0
003625.jpg,0,3,0.045183755457401276,0
003626.jpg,0,4,0.049865901470184326,0
003632.jpg,1,3,0.8352149128913879,1
003634.jpg,0,3,0.03817827254533768,0
003641.jpg,0,1,0.07316472381353378,0
003642.jpg,0,4,0.056861549615859985,0
003643.jpg,0,0,0.05320620536804199,0
003645.jpg,1,2,0.8485961556434631,1
003646.jpg,1,2,0.729519784450531,1
003647.jpg,0,0,0.08269734680652618,0
003653.jpg,1,3,0.982557475566864,1
003655.jpg,0,1,0.15739572048187256,0
003656.jpeg,0,1,0.4050956964492798,0
003658.jpg,1,2,0.9056565761566162,1
003659.jpg,1,2,0.9339146018028259,1
003662.jpg,1,1,0.854763388633728,1
003663.jpg,0,3,0.031439851969480515,0
003664.jpg,1,1,0.9477691650390625,1
003666.jpg,1,3,0.939581573009491,1
003667.jpg,0,4,0.06336633861064911,0
003668.jpg,0,2,0.09773432463407516,0
003669.jpg,0,1,0.08122775703668594,0
003673.jpg,1,4,0.7898827195167542,1
003674.jpg,1,4,0.6995623707771301,1
003681.jpg,0,3,0.04031343758106232,0
003682.jpg,1,1,0.7687332034111023,1
003684.jpg,0,4,0.05997643992304802,0
003692.jpg,1,0,0.9268352389335632,1
003695.jpg,1,4,0.9848109483718872,1
003698.jpg,0,1,0.125600665807724,0
003701.jpg,0,2,0.21650810539722443,0
003702.jpg,1,0,0.936168372631073,1
003710.jpg,1,3,0.9389128684997559,1
003716.jpg,1,2,0.9497627019882202,1
003718.jpg,0,1,0.17709815502166748,0
003725.jpg,1,0,0.851212203502655,1
003731.jpg,1,3,0.8030194044113159,1
003735.jpg,1,3,0.8062431216239929,1
003738.jpg,0,0,0.11536139249801636,0
003748.jpg,1,1,0.9416541457176208,1
003756.jpg,1,4,0.9781771898269653,1
003760.jpg,1,4,0.9529258608818054,1
003762.jpg,1,0,0.9678993225097656,1
003769.jpg,0,3,0.0333368256688118,0
003779.jpg,0,0,0.08787644654512405,0
003781.jpg,1,3,0.9628831148147583,1
003782.jpg,1,4,0.9384632706642151,1
003784.jpg,1,3,0.5100007653236389,1
003785.jpg,1,1,0.9617499113082886,1
003800.jpg,0,1,0.08240149915218353,0
003803.jpg,1,3,0.9507778882980347,1
003804.jpg,0,2,0.08344116806983948,0
003814.jpg,1,3,0.9829546809196472,1
003815.jpg,0,2,0.13262686133384705,0
003816.jpg,0,0,0.06371499598026276,0
003821.jpg,0,0,0.10800064355134964,0
003822.jpg,0,4,0.16000336408615112,0
003823.jpg,1,4,0.9800149202346802,1
003824.jpg,1,4,0.9835337996482849,1
003829.jpg,1,0,0.9609517455101013,1
003834.jpg,1,1,0.9345147609710693,1
003836.jpg,0,3,0.12347127497196198,0
003841.jpg,1,4,0.9754835963249207,1
003851.jpg,1,3,0.9480584859848022,1
003855.jpg,1,3,0.9714016318321228,1
003862.jpg,0,4,0.10613343864679337,0
003863.jpg,1,0,0.8689380288124084,1
003864.jpg,0,0,0.48935097455978394,1
003867.jpg,1,4,0.9645224213600159,1
003869.jpg,0,2,0.09964530169963837,0
003872.jpg,1,3,0.8269913792610168,1
003874.jpg,1,4,0.9291837811470032,1
003881.jpg,1,0,0.9193534255027771,1
003885.jpg,1,0,0.7959754467010498,1
003889.jpg,0,3,0.054499875754117966,0
003890.jpg,0,2,0.09894659370183945,0
003893.jpg,0,4,0.04099902883172035,0
003894.jpg,1,2,0.8844391107559204,1
003900.jpg,0,1,0.10951514542102814,0
003903.jpg,1,1,0.9666001796722412,1
003906.jpg,0,2,0.12863455712795258,0
003907.jpg,1,2,0.9136765599250793,1
003908.jpg,1,3,0.9757161140441895,1
003910.jpg,1,3,0.9659639000892639,1
003911.jpg,1,1,0.9804313778877258,1
003915.jpg,1,2,0.8577680587768555,1
003917.jpg,0,2,0.2512800693511963,0
003918.jpg,0,2,0.1626458466053009,0
003921.jpg,0,4,0.2818995416164398,0
003925.jpeg,0,4,0.11596072465181351,0
003934.jpg,1,4,0.9716179370880127,1
003941.jpg,0,0,0.05541279539465904,0
003954.jpg,1,1,0.8604864478111267,1
003955.jpg,1,1,0.8895288109779358,1
003960.jpg,0,4,0.06608537584543228,0
003963.jpg,1,1,0.8644249439239502,1
003964.jpg,1,4,0.975623369216919,1
003967.jpg,0,2,0.12085322290658951,0
003971.jpg,0,3,0.05613277852535248,0
003972.jpg,0,1,0.05921025201678276,0
003973.jpg,1,2,0.7046684622764587,1
003974.jpg,1,4,0.49463289976119995,1
003975.jpg,1,1,0.8067004084587097,1
003977.jpg,1,3,0.8873999118804932,1
003981.jpg,1,2,0.8830344080924988,1
003982.jpg,1,2,0.9351099133491516,1
003983.jpg,1,1,0.9233161807060242,1
003988.jpg,0,2,0.11899801343679428,0
003990.jpg,1,0,0.9487276077270508,1
003993.jpg,1,2,0.915808916091919,1
003994.jpg,0,4,0.06644792854785919,0
003998.jpg,1,4,0.9554855227470398,1
004004.jpg,0,1,0.05717659741640091,0
004006.jpg,1,0,0.9470881819725037,1
004011.jpg,0,1,0.09619516879320145,0
004012.jpg,1,3,0.9818056225776672,1
004014.jpg,0,1,0.25515803694725037,0
004018.jpg,0,1,0.37330445647239685,0
004020.jpg,1,4,0.9894702434539795,1
004021.jpg,1,4,0.9927391409873962,1
004038.jpg,1,0,0.9570375084877014,1
004044.jpg,1,3,0.9249592423439026,1
004046.jpg,1,4,0.9298236966133118,1
004048.jpg,1,0,0.9127477407455444,1
004050.jpg,1,3,0.9343951344490051,1
004052.jpg,0,4,0.0991208553314209,0
004054.jpg,1,3,0.9701834917068481,1
004056.jpg,1,4,0.9937100410461426,1
004058.jpg,1,1,0.9403530955314636,1
004061.jpg,1,1,0.9758545756340027,1
004066.jpg,1,3,0.9549844264984131,1
004067.jpg,1,1,0.9436599016189575,1
004068.jpg,1,3,0.9515040516853333,1
004076.jpg,1,1,0.9433475732803345,1
004077.jpg,1,2,0.44803377985954285,0
004078.jpg,1,2,0.9339146018028259,1
004081.jpg,1,3,0.7177048921585083,1
004083.jpg,0,3,0.06187598779797554,0
004085.jpg,0,1,0.09301680326461792,0
004086.jpg,0,0,0.08977328985929489,0
004092.jpg,1,0,0.7150261998176575,1
004094.jpg,0,3,0.08210662752389908,0
004103.jpg,0,1,0.0772387832403183,0
004115.jpg,1,3,0.972727358341217,1
004116.jpg,0,2,0.12474514544010162,0
004120.jpg,1,2,0.822474479675293,1
004128.jpg,1,0,0.9845753908157349,1
004133.jpg,1,4,0.9753431081771851,1
004136.jpg,1,2,0.9156582355499268,1
004139.jpg,0,1,0.05602938309311867,0
004141.jpg,0,0,0.07043161243200302,0
004142.jpg,0,3,0.02701479196548462,0
004146.jpg,1,3,0.94629967212677,1
004150.jpg,1,4,0.9548162817955017,1
004151.jpg,1,1,0.9337939620018005,1
004153.jpg,0,3,0.04795810207724571,0
004155.jpg,0,3,0.06717857718467712,0
004161.jpg,1,2,0.9039745330810547,1
004165.jpg,1,1,0.9132132530212402,1
004167.jpg,1,4,0.9767580628395081,1
004171.jpg,0,1,0.3501991331577301,0
004172.jpg,1,2,0.9261703491210938,1
004173.jpg,0,2,0.16066069900989532,0
004174.jpg,1,3,0.8701565861701965,1
004176.jpg,0,3,0.20275871455669403,0
004178.jpg,1,4,0.9711290597915649,1
004179.jpg,1,4,0.793105959892273,1
004186.jpg,1,2,0.843508780002594,1
004191.jpg,1,2,0.9095863103866577,1
004195.jpg,0,1,0.08555634319782257,0
004198.jpg,1,3,0.9831499457359314,1
004199.jpg,0,4,0.09467770159244537,0
004203.jpg,1,3,0.9812749028205872,1
004205.jpg,0,4,0.06656918674707413,0
004208.jpg,1,3,0.9761291742324829,1
004209.jpg,0,1,0.0572819747030735,0
004213.jpg,1,3,0.9499486684799194,1
004216.jpg,0,2,0.12304913252592087,0
004219.jpg,0,1,0.07356305420398712,0
004221.jpg,1,0,0.9402433633804321,1
004222.jpg,1,2,0.9181873202323914,1
004231.jpg,1,2,0.9144436717033386,1
004233.jpg,0,2,0.572424054145813,1
004239.jpg,0,3,0.059866417199373245,0
004240.jpg,1,1,0.9443824291229248,1
004241.jpg,0,0,0.11576064676046371,0
004242.jpg,1,3,0.9766246676445007,1
004247.jpg,0,0,0.4481545388698578,0
004248.jpg,1,0,0.74669349193573,1
004251.jpg,0,3,0.09756221622228622,0
004255.jpg,1,2,0.8664718866348267,1
004261.jpg,0,0,0.0593191459774971,0
004263.jpg,1,1,0.9432430863380432,1
004266.jpg,0,0,0.07159119844436646,0
004267.jpg,1,0,0.934035062789917,1
004271.jpg,0,0,0.06108710914850235,0
004277.jpg,0,0,0.08709682524204254,0
004279.jpg,1,1,0.8942365646362305,1
004280.jpg,1,2,0.8705973029136658,1
004281.jpg,0,3,0.008745182305574417,0
004284.jpg,1,0,0.8293538093566895,1
004287.jpg,0,1,0.07450026273727417,0
004294.jpg,0,1,0.09773432463407516,0
004307.jpg,0,2,0.17938674986362457,0
004311.jpg,0,4,0.12863455712795258,0
004314.jpg,0,2,0.10141132771968842,0
004318.jpg,0,4,0.075721375644207,0
004331.jpg,1,2,0.9138304591178894,1
004333.jpg,0,1,0.15739572048187256,0
004334.jpg,0,3,0.03149937838315964,0
004335.jpg,1,1,0.9212159514427185,1
004339.jpg,0,2,0.15974101424217224,0
004350.jpg,1,1,0.920647144317627,1
004352.jpg,0,0,0.16277889907360077,0
004355.jpg,1,3,0.9582260847091675,1
004356.jpg,1,0,0.9196425676345825,1
004359.jpg,0,4,0.08678673207759857,0
004362.jpg,0,2,0.13139596581459045,0
004372.jpg,0,1,0.07963874191045761,0
004373.jpg,1,0,0.9598374962806702,1
004378.jpg,1,1,0.9580694437026978,1
004383.jpg,1,2,0.93475341796875,1
004386.jpg,1,2,0.9348725080490112,1
004392.jpg,1,1,0.8761053681373596,1
004394.jpg,0,2,0.12787029147148132,0
004401.jpg,1,1,0.3847387433052063,0
004404.jpg,1,3,0.9911527037620544,1
004408.jpg,0,1,0.10725032538175583,0
004415.jpg,1,0,0.9230391979217529,1
004416.jpg,0,1,0.06052939593791962,0
004417.jpg,1,3,0.9653158187866211,1
004418.jpg,0,0,0.058238621801137924,0
004420.jpg,1,2,0.9121235609054565,1
004421.jpg,0,3,0.10105592012405396,0
004422.jpg,1,1,0.9641867876052856,1
004425.jpg,0,2,0.09877258539199829,0
004427.jpg,0,1,0.12603029608726501,0
004429.jpg,0,4,0.0928521603345871,0
004430.jpg,1,0,0.7457688450813293,1
004433.jpg,1,2,0.9039745330810547,1
004434.jpg,1,0,0.9892648458480835,1
004435.jpg,1,3,0.9348725080490112,1
004439.jpg,1,0,0.9181873202323914,1
004440.jpg,0,0,0.06394842267036438,0
004442.jpg,1,3,0.9161096215248108,1
004443.jpg,1,0,0.8868131041526794,1
004445.jpg,1,2,0.8889517188072205,1
004456.jpg,1,3,0.9643214344978333,1
004459.jpg,0,4,0.18491464853286743,0
004467.jpg,1,1,0.9020932912826538,1
004468.jpg,0,1,0.208823561668396,0
004470.jpg,0,4,0.6510221362113953,1
004474.jpg,0,2,0.1299538016319275,0
004481.jpg,0,4,0.07369627058506012,0
004482.jpg,1,1,0.8957052826881409,1
004483.jpg,0,0,0.07640768587589264,0
004484.jpg,0,1,0.06584469974040985,0
004489.jpg,1,2,0.9197867512702942,1
004491.jpg,1,0,0.9510514140129089,1
004497.jpg,1,2,0.8885655403137207,1
004498.jpg,1,4,0.9897909760475159,1
004502.jpg,1,1,0.9733928442001343,1
004510.jpg,0,0,0.06548520922660828,0
004513.jpg,1,2,0.8773717284202576,1
004516.jpg,1,2,0.9043130874633789,1
004519.jpg,1,4,0.9554855227470398,1
004520.jpg,0,1,0.10594828426837921,0
004521.jpg,1,1,0.7474316954612732,1
004524.jpg,0,2,0.10052486509084702,0
004526.jpg,0,2,0.1475551873445511,0
004529.jpg,1,0,0.9902915358543396,1
004533.jpg,0,4,0.17582091689109802,0
004534.jpg,1,4,0.9844563603401184,1
004537.jpg,1,2,0.9526622891426086,1
004541.jpg,1,1,0.9737446904182434,1
004542.jpg,1,4,0.9324532747268677,1
004546.jpg,1,2,0.8733229041099548,1
004549.jpg,0,0,0.10594828426837921,0
004554.jpg,0,0,0.07237401604652405,0
004557.jpg,1,2,0.8473372459411621,1
004559.jpg,0,3,0.04867657274007797,0
004561.jpg,0,0,0.05654813349246979,0
004562.jpg,1,1,0.9393594861030579,1
004563.jpg,0,3,0.10539455711841583,0
004570.jpg,1,4,0.9132132530212402,1
004572.jpg,0,1,0.12885363399982452,0
004575.jpg,1,0,0.95735764503479,1
004585.jpg,0,1,0.10818895697593689,0
004586.jpg,1,3,0.9261703491210938,1
004588.jpg,1,3,0.9259026646614075,1
004596.jpg,0,0,0.09568693488836288,0
004597.jpg,1,0,0.9549003839492798,1
004606.jpg,0,0,0.3302551507949829,0
004607.jpg,0,1,0.8625832796096802,1
004611.jpg,1,3,0.9230391979217529,1
004612.jpg,0,3,0.05942821875214577,0
004619.jpg,1,2,0.9156582355499268,1
004621.jpg,0,1,0.13117322325706482,0
004628.jpg,0,2,0.180395245552063,0
004631.jpg,1,1,0.6134681105613708,1
004632.jpg,1,0,0.41075628995895386,0
004633.jpg,1,1,0.9482505321502686,1
004637.jpg,0,0,0.08678673207759857,0
004645.jpg,1,2,0.49332088232040405,1
004647.jpg,0,0,0.05184547230601311,0
004649.jpg,1,1,0.819749116897583,1
004654.jpg,1,1,0.9645224213600159,1
004662.jpg,0,0,0.08993300795555115,0
004666.jpg,1,4,0.9319595694541931,1
004669.jpg,0,1,0.05242456495761871,0
004672.jpg,0,3,0.020410308614373207,0
004673.jpg,0,1,0.05291181057691574,0
004684.jpg,1,0,0.6035813689231873,1
004685.jpg,0,2,0.3853168487548828,0
004687.jpg,0,0,0.056340090930461884,0
004688.jpg,0,2,0.34809091687202454,0
004691.jpg,1,4,0.8918110132217407,1
004695.jpg,0,3,0.2989004850387573,0
004699.jpg,1,0,0.978425920009613,1
004713.jpg,0,3,0.022977370768785477,0
004722.jpg,1,0,0.5905430912971497,1
004724.jpg,1,4,0.9753900170326233,1
004725.jpg,1,4,0.9571978449821472,1
004726.jpg,0,1,0.09467770159244537,0
004728.jpg,0,4,0.04418332502245903,0
004732.jpg,1,3,0.9261703491210938,1
004736.jpg,1,4,0.9860442876815796,1
004745.jpg,0,4,0.3065270483493805,0
004757.jpeg,0,0,0.09825223684310913,0
004758.jpg,0,4,0.8513358235359192,1
004762.jpg,1,2,0.5954925417900085,1
004768.jpg,1,3,0.9657061100006104,1
004775.jpg,0,4,0.049865901470184326,0
004776.jpg,1,4,0.9494823217391968,1
004783.jpg,1,0,0.9324532747268677,1
004798.jpg,1,0,0.9558166265487671,1
004799.jpg,1,0,0.9186264276504517,1
004810.jpg,0,1,0.0645354837179184,0
004811.jpg,0,3,0.050051309168338776,0
004815.jpg,0,4,0.09451042115688324,0
004818.jpg,1,3,0.9639160633087158,1
004820.jpg,0,0,0.08064661920070648,0
004822.jpg,1,0,0.26001352071762085,0
004823.jpg,0,0,0.07709969580173492,0
004825.jpg,1,3,0.9714016318321228,1
004836.jpg,0,2,0.08555634319782257,0
004837.jpg,1,2,0.9492946267127991,1
004840.jpg,0,1,0.17175470292568207,0
004849.jpg,0,3,0.7988152503967285,1
004852.jpg,0,3,0.06866228580474854,0
004854.jpg,1,1,0.8830344080924988,1
004862.jpg,0,2,0.08756383508443832,0
004863.jpg,1,4,0.9704646468162537,1
004865.jpg,0,3,0.047691281884908676,0
004868.jpg,0,2,0.7696001529693604,1
004878.jpg,1,0,0.6724392175674438,1
004879.jpg,0,4,0.05781161040067673,0
004883.jpg,1,1,0.9359345436096191,1
004885.jpg,1,1,0.9289263486862183,1
004891.jpg,1,3,0.9544779658317566,1
004900.jpg,0,4,0.06313489377498627,0
004905.jpg,0,0,0.22592855989933014,0
004909.jpg,1,1,0.9522199034690857,1
004911.jpg,0,4,0.060307636857032776,0
004916.jpg,1,1,0.9149009585380554,1
004919.jpg,1,1,0.9296960830688477,1
004925.jpg,0,4,0.046378206461668015,0
004927.jpg,1,2,0.85500568151474,1
004941.jpg,1,0,0.9655115008354187,1
004948.jpg,1,0,0.9501341581344604,1
004957.jpg,1,3,0.18713268637657166,0
004959.jpg,1,2,0.9474782943725586,1
004960.jpg,0,3,0.07585818320512772,0
004962.jpg,1,1,0.9544779658317566,1
004963.jpg,0,1,0.6306849718093872,1
004968.jpg,0,1,0.09351231157779694,0
004976.jpg,1,3,0.9494823217391968,1
004981.jpg,1,1,0.8852352499961853,1
004987.jpg,1,1,0.9305844902992249,1
005002.jpg,0,4,0.11299101263284683,0
005003.jpg,1,1,0.9649212956428528,1
005008.jpg,1,2,0.9178933501243591,1
005009.jpg,0,4,0.26151949167251587,0
005013.jpg,1,2,0.9196425676345825,1
005015.jpg,0,4,0.07504072040319443,0
005016.jpg,0,3,0.2075357586145401,0
005019.jpg,1,3,0.969613254070282,1
005020.jpg,0,3,0.07654563337564468,0
005021.jpg,1,2,0.9391365647315979,1
005025.jpg,1,2,0.8166989684104919,1
005026.jpg,0,0,0.06313489377498627,0
005031.jpg,1,0,0.87169349193573,1
005034.jpg,1,0,0.9440738558769226,1
005036.jpg,0,0,0.08663207292556763,0
005040.jpg,0,3,0.09009299427270889,0
005044.jpg,0,2,0.09964530169963837,0
005048.jpg,0,0,0.29971975088119507,0
005055.jpg,0,2,0.09073548763990402,0
005059.jpg,1,1,0.9519526958465576,1
005060.jpg,0,0,0.12951278686523438,0
005067.jpg,0,2,0.13083970546722412,0
005069.jpg,1,4,0.9905874133110046,1
005076.jpg,1,0,0.8378854393959045,1
005082.jpg,1,3,0.9366336464881897,1
005085.jpg,0,1,0.4985084533691406,1
005089.jpg,1,1,0.9366336464881897,1
005095.jpg,0,3,0.20979328453540802,0
test_000001.jpg,1,0,0.20481863617897034,0
test_000005.jpg,1,1,0.323273241519928,0
test_000006.jpg,1,4,0.4520823061466217,0
test_000008.jpeg,0,2,0.8233283758163452,1
test_000015.jpg,1,2,0.43572142720222473,0
test_000021.jpg,0,1,0.9526622891426086,1
test_000024.jpg,0,3,0.46047088503837585,1
test_000028.jpg,1,3,0.4176277220249176,0
test_000034.jpg,1,0,0.16105617582798004,0
test_000037.jpg,1,3,0.2030746191740036,0
test_000041.jpg,0,3,0.894789457321167,1
test_000042.jpg,0,1,0.3094409108161926,0
test_000045.jpeg,1,4,0.8711463809013367,1
test_000051.jpg,0,1,0.8631610870361328,1
test_000056.jpg,0,1,0.9418684244155884,1
test_000057.jpg,1,4,0.12199922651052475,0
test_000058.jpg,1,2,0.34455370903015137,0
test_000078.jpg,1,0,0.824603259563446,1
test_000080.jpg,1,4,0.6736212372779846,1
test_000088.jpg,0,0,0.17469169199466705,0
test_000090.jpg,0,2,0.5601624250411987,1
test_000091.jpeg,1,2,0.9136765599250793,1
test_000092.jpg,1,3,0.9786719083786011,1
test_000098.png,1,0,0.30580100417137146,0
test_000116.jpg,0,4,0.5736187100410461,1
test_000124.jpg,0,4,0.9618934392929077,1
test_000127.jpg,0,0,0.7343100905418396,1
test_000129.jpg,1,2,0.2685575783252716,0
test_000131.jpg,0,2,0.42304083704948425,0
test_000141.jpeg,1,2,0.9003546833992004,1
test_000145.jpg,1,3,0.2968580424785614,0
test_000147.jpg,1,3,0.9632996320724487,1
test_000155.jpg,1,1,0.12624557316303253,0
test_000158.jpg,1,0,0.1041124165058136,0
test_000167.jpg,1,4,0.30455854535102844,0
test_000169.jpeg,1,2,0.8638516664505005,1
test_000170.jpeg,1,1,0.8570517301559448,1
test_000177.jpg,0,4,0.10230471193790436,0
test_000182.jpg,0,3,0.32316645979881287,0
test_000183.jpg,0,1,0.3897787928581238,0
test_000190.jpg,0,3,0.2749350070953369,0
test_000193.jpg,0,0,0.5660784840583801,1
