id,label
000001.jpg,1
000002.jpg,1
000003.jpg,0
000004.jpg,1
000009.jpg,1
000010.jpg,1
000011.jpg,0
000012.jpg,0
000013.jpg,0
000016.jpg,1
000022.jpg,1
000026.jpg,1
000030.jpg,0
000031.jpg,1
000032.jpg,1
000034.jpg,0
000038.jpg,1
000042.jpg,0
000043.jpg,0
000044.jpg,1
000046.jpg,1
000047.jpg,0
000049.jpg,0
000051.jpg,0
000053.jpg,0
000056.jpeg,0
000061.jpg,0
000062.jpg,0
000063.jpeg,0
000064.jpg,1
000066.jpg,1
000067.jpg,1
000070.jpg,0
000075.jpg,1
000076.jpg,0
000079.jpg,0
000080.jpg,0
000081.jpg,1
000083.jpg,0
000086.jpg,1
000087.jpg,0
000088.jpg,1
000090.jpg,1
000092.jpg,1
000100.jpg,1
000103.jpg,1
000105.jpg,1
000111.jpg,1
000112.jpg,0
000124.jpg,0
000133.jpg,0
000134.jpg,1
000138.jpg,0
000139.jpg,1
000140.jpg,1
000142.jpg,0
000146.jpg,1
000147.jpg,0
000153.jpg,1
000156.jpg,1
000162.jpg,1
000163.jpg,0
000165.jpg,0
000169.jpg,1
000172.jpg,1
000173.jpg,0
000176.jpg,1
000183.jpg,0
000184.jpg,0
000185.jpg,1
000187.jpg,1
000191.jpg,0
000198.jpg,0
000203.jpg,0
000205.jpg,0
000208.jpg,0
000210.jpeg,0
000211.jpg,0
000214.jpg,1
000218.jpg,0
000221.jpg,0
000223.jpg,1
000228.jpg,0
000229.jpg,1
000232.jpg,1
000234.jpg,0
000237.jpg,1
000238.jpg,0
000239.jpg,1
000241.jpg,1
000243.jpg,1
000249.jpg,0
000255.jpg,1
000261.jpg,1
000262.jpg,1
000263.jpg,0
000264.jpg,0
000266.jpg,0
000275.jpg,1
000276.jpg,1
000278.jpg,1
000282.jpg,0
000284.jpg,0
000287.jpg,1
000288.jpg,1
000301.jpg,0
000304.jpg,0
000309.jpg,0
000320.jpg,0
000321.jpg,0
000323.jpg,1
000326.jpg,1
000328.jpg,1
000329.jpg,1
000337.jpeg,0
000338.jpg,1
000343.jpg,0
000347.jpg,1
000356.jpg,0
000361.jpg,1
000362.jpg,1
000371.jpg,1
000373.jpg,1
000375.jpg,1
000386.jpg,0
000388.jpg,1
000389.jpg,1
000394.jpg,0
000399.jpg,0
000401.jpg,1
000403.jpg,1
000405.jpg,0
000408.jpg,1
000411.jpg,1
000412.jpg,1
000413.jpg,1
000417.jpg,1
000428.jpg,0
000429.jpg,0
000430.jpeg,0
000431.jpg,1
000432.jpg,1
000435.jpg,0
000437.jpg,1
000438.jpg,0
000441.jpg,0
000448.jpg,1
000450.jpg,1
000453.jpg,1
000457.jpg,1
000458.jpg,0
000461.jpg,1
000462.jpg,1
000465.jpg,1
000466.jpg,0
000468.jpg,1
000469.jpg,0
000471.jpg,1
000474.jpg,1
000476.jpg,0
000477.jpg,0
000479.jpg,0
000481.jpg,1
000486.jpg,0
000491.jpg,0
000493.jpg,1
000495.jpg,1
000499.jpg,1
000500.jpg,1
000502.jpg,1
000505.jpg,1
000507.jpg,1
000510.jpg,0
000511.jpg,0
000513.jpg,1
000520.jpg,1
000522.jpg,0
000527.jpg,0
000532.jpg,0
000536.jpg,0
000540.jpg,1
000543.jpg,0
000545.jpg,0
000548.jpg,0
000549.jpg,1
000551.jpg,1
000559.jpg,0
000560.jpg,1
000561.jpg,0
000562.jpg,1
000565.jpg,1
000568.jpg,0
000569.jpg,0
000571.jpg,1
000575.jpg,1
000577.jpeg,0
000584.jpg,1
000591.jpg,1
000595.jpg,0
000596.jpg,1
000601.jpg,0
000602.jpg,1
000606.jpg,1
000607.jpg,0
000608.jpg,1
000609.jpg,0
000614.jpg,1
000615.jpg,0
000617.jpg,1
000622.jpg,1
000628.jpg,1
000630.jpg,1
000632.jpg,0
000635.jpg,1
000637.jpg,1
000639.jpg,1
000645.jpg,1
000647.jpg,1
000652.jpg,1
000663.jpg,0
000669.jpg,0
000675.jpg,1
000677.jpg,0
000679.jpg,1
000680.jpg,1
000687.jpg,1
000688.jpg,0
000690.jpg,1
000692.jpg,0
000693.jpg,1
000694.jpg,0
000695.jpg,1
000704.jpg,1
000705.jpg,1
000707.jpg,1
000708.jpg,1
000710.jpg,0
000713.jpg,0
000715.jpg,0
000718.jpg,1
000729.jpg,1
000732.jpg,1
000739.jpg,0
000750.jpg,0
000761.jpg,0
000762.jpg,0
000765.jpg,1
000775.jpg,0
000778.jpg,1
000780.jpg,0
000782.jpg,1
000783.jpg,0
000784.jpeg,0
000790.jpg,0
000791.jpg,1
000794.jpg,1
000803.jpeg,0
000807.jpg,1
000809.jpg,1
000811.jpg,1
000815.jpg,0
000818.jpg,0
000820.jpg,1
000825.jpg,0
000828.jpg,0
000830.jpg,1
000835.jpg,0
000836.jpg,0
000837.jpg,1
000839.jpg,0
000854.jpg,0
000855.jpg,1
000857.jpg,0
000859.jpg,0
000866.jpg,1
000867.jpg,0
000868.jpg,1
000871.jpg,1
000873.jpg,0
000878.jpg,1
000879.jpg,1
000881.jpg,1
000884.jpg,1
000885.jpg,0
000887.jpg,0
000889.jpg,0
000891.jpg,0
000894.jpg,0
000898.jpg,0
000901.jpg,1
000905.jpg,0
000907.jpg,0
000911.jpg,0
000914.jpg,1
000916.jpg,0
000917.jpg,1
000926.jpg,1
000934.jpg,1
000937.jpg,1
000939.jpg,0
000942.jpg,1
000944.jpg,0
000947.jpg,1
000949.jpg,1
000950.jpg,1
000953.jpeg,0
000955.jpg,1
000960.jpg,1
000966.jpg,1
000967.jpg,0
000974.jpg,0
000980.jpg,1
000982.jpg,0
000983.jpg,0
000985.jpg,1
000989.jpeg,0
000990.jpg,1
000992.jpg,0
000993.jpg,1
000994.jpg,1
000999.jpg,1
001002.jpg,1
001006.jpg,0
001012.jpg,1
001014.jpg,1
001016.jpg,0
001017.jpg,1
001018.jpg,0
001026.jpg,1
001027.jpg,1
001029.jpg,1
001037.jpg,1
001039.jpg,1
001042.jpg,1
001043.jpg,0
001045.jpg,0
001046.jpg,1
001049.jpg,1
001055.jpg,1
001058.jpg,0
001060.jpg,1
001065.jpg,1
001069.jpg,1
001070.jpg,1
001073.jpg,1
001074.jpg,1
001078.jpg,0
001079.jpg,0
001081.jpg,1
001083.jpg,1
001089.jpg,1
001093.jpg,0
001108.jpg,0
001111.jpg,1
001112.jpg,0
001116.jpg,1
001120.jpg,1
001132.jpg,1
001139.jpg,0
001141.jpg,1
001146.jpg,1
001148.jpg,1
001150.jpg,1
001151.jpg,1
001155.jpg,0
001157.jpg,1
001161.jpg,1
001172.jpg,1
001175.jpg,0
001183.jpg,0
001185.jpg,1
001186.jpg,1
001187.jpg,1
001193.jpg,1
001203.jpg,0
001208.jpg,1
001219.jpg,0
001224.jpg,0
001227.jpeg,0
001231.jpg,1
001234.jpg,1
001237.jpg,1
001239.jpg,0
001240.jpg,1
001245.jpg,0
001255.jpg,1
001263.jpg,0
001275.jpg,1
001278.jpg,0
001279.jpg,1
001284.jpg,1
001294.jpg,1
001300.jpg,1
001301.jpg,0
001304.jpg,1
001306.jpg,1
001307.jpg,1
001310.jpg,0
001312.jpg,1
001314.jpg,1
001315.jpg,1
001320.jpg,1
001328.jpg,1
001330.jpg,1
001331.jpg,1
001332.jpg,0
001334.jpg,1
001339.jpg,0
001341.jpg,1
001344.jpg,1
001347.jpg,1
001353.jpg,0
001362.jpg,1
001364.jpg,1
001370.jpg,1
001371.jpg,1
001375.jpg,0
001377.jpg,1
001378.jpg,1
001383.jpg,0
001386.jpg,0
001387.jpg,0
001388.jpg,1
001395.jpg,1
001399.jpg,1
001401.jpg,0
001402.jpg,0
001404.jpg,1
001406.jpg,1
001407.jpg,0
001409.jpg,1
001410.jpg,1
001414.jpg,1
001422.jpg,1
001425.jpg,1
001426.jpg,0
001431.jpg,0
001433.jpg,1
001439.jpg,1
001440.jpg,1
001444.jpg,1
001449.jpg,1
001454.jpg,1
001462.jpg,0
001467.jpg,1
001468.jpg,0
001469.jpg,0
001471.jpg,1
001479.jpg,0
001482.jpg,0
001490.jpg,1
001492.jpg,1
001497.jpg,1
001498.jpg,1
001499.jpg,1
001501.jpg,1
001505.jpg,1
001506.jpg,0
001508.jpg,1
001511.jpg,1
001513.jpg,0
001516.jpg,0
001521.jpg,0
001526.jpg,1
001533.jpg,1
001535.jpeg,0
001536.jpg,0
001537.jpg,1
001538.jpg,1
001541.jpg,0
001549.jpg,1
001553.jpg,1
001567.jpg,1
001568.jpg,0
001571.jpeg,0
001575.jpg,1
001576.jpg,0
001577.jpg,0
001579.jpg,0
001583.jpg,1
001587.jpg,1
001593.jpg,0
001597.jpg,1
001601.jpg,1
001610.jpg,1
001612.jpg,1
001613.jpg,1
001618.jpg,1
001623.jpg,1
001625.jpg,0
001627.jpg,1
001628.jpg,1
001629.jpg,0
001630.jpg,1
001636.jpg,1
001640.jpg,1
001645.jpg,1
001647.jpg,0
001648.jpg,1
001649.jpg,1
001652.jpg,1
001659.jpg,0
001662.jpg,0
001670.jpg,0
001674.jpg,1
001675.jpg,1
001681.jpg,1
001682.jpg,0
001683.jpg,0
001684.jpg,1
001686.jpg,1
001688.jpg,0
001690.jpg,1
001691.jpg,1
001696.jpg,1
001697.jpg,1
001698.jpg,1
001700.jpg,1
001701.jpg,1
001703.jpg,0
001709.jpg,1
001710.jpg,1
001713.jpg,1
001715.jpg,0
001724.jpg,1
001728.jpg,0
001730.jpg,0
001734.jpg,1
001735.jpg,1
001737.jpg,1
001738.jpg,1
001742.jpg,1
001758.jpg,0
001761.jpg,1
001768.jpg,1
001770.jpg,1
001778.jpg,1
001779.jpg,1
001787.jpg,1
001797.jpg,0
001800.jpg,0
001811.jpg,0
001814.jpg,0
001822.jpg,1
001826.jpg,0
001832.jpg,1
001840.jpg,1
001849.jpg,0
001851.jpg,1
001853.jpg,1
001860.jpg,0
001862.jpg,1
001864.jpg,1
001865.jpg,0
001870.jpg,1
001877.jpg,1
001878.jpg,0
001880.jpg,0
001882.jpg,1
001883.jpg,0
001886.jpg,1
001888.jpg,0
001891.jpg,1
001892.jpg,1
001894.jpg,0
001899.jpg,0
001901.jpg,0
001913.jpg,1
001916.jpg,1
001920.jpg,1
001921.jpg,1
001923.jpg,1
001926.jpg,1
001928.jpg,0
001931.jpg,1
001932.jpg,0
001935.jpg,1
001936.jpg,0
001940.jpg,1
001941.jpg,1
001943.jpg,0
001948.jpg,0
001958.jpg,0
001959.jpg,1
001961.jpg,1
001965.jpg,1
001970.jpg,1
001973.jpg,0
001974.jpg,0
001977.jpg,1
001978.jpg,0
001979.jpg,1
001981.jpg,0
001984.jpg,1
001989.jpg,1
001993.jpg,1
001995.jpg,1
001996.jpg,0
001998.jpg,1
002004.jpg,1
002005.jpg,1
002007.jpg,1
002008.jpg,1
002010.jpg,0
002013.jpg,0
002019.jpg,0
002023.jpg,1
002034.jpg,0
002042.jpg,1
002045.jpg,1
002047.jpg,1
002048.jpg,0
002051.jpg,1
002058.jpg,1
002064.jpg,1
002065.jpg,1
002067.jpg,1
002074.jpg,1
002083.jpg,1
002084.jpg,0
002110.jpg,0
002116.jpg,1
002121.jpg,1
002123.jpg,1
002135.jpg,1
002145.jpg,1
002154.jpg,0
002160.jpg,0
002162.jpg,0
002163.jpg,0
002166.jpg,0
002169.jpg,1
002180.jpg,1
002185.jpg,1
002186.jpg,1
002191.jpg,1
002192.jpg,0
002193.jpg,0
002204.jpg,0
002205.jpg,1
002208.jpg,1
002209.jpg,1
002216.jpg,1
002217.jpg,0
002221.jpg,1
002224.jpg,0
002230.jpg,1
002231.jpg,0
002233.jpg,0
002241.jpg,1
002244.jpg,0
002248.jpg,1
002257.jpg,0
002261.jpg,1
002266.jpg,0
002268.jpg,0
002273.jpg,1
002274.jpg,0
002275.jpg,0
002280.jpg,0
002281.jpg,0
002288.jpg,1
002293.jpg,1
002294.jpg,0
002301.jpg,1
002302.jpg,1
002304.jpg,1
002308.jpg,1
002309.jpg,0
002310.jpg,1
002311.jpg,1
002322.jpg,0
002326.jpg,1
002329.jpg,0
002335.jpg,1
002337.jpg,1
002348.jpg,1
002352.jpg,1
002353.jpg,1
002354.jpg,1
002355.jpg,0
002357.jpg,0
002359.jpg,0
002365.jpg,0
002369.jpg,0
002374.jpg,0
002378.jpg,1
002383.jpg,0
002384.jpg,1
002388.jpg,1
002393.jpg,1
002395.jpg,1
002397.jpg,1
002399.jpg,0
002401.jpg,1
002402.jpg,0
002403.jpg,1
002411.jpg,1
002415.jpg,0
002422.jpg,0
002423.jpg,1
002431.jpg,0
002439.jpg,1
002440.jpg,0
002447.jpg,0
002453.jpg,0
002454.jpg,0
002465.jpg,1
002466.jpg,1
002472.jpg,1
002473.jpg,1
002481.jpg,1
002482.jpg,0
002483.jpg,1
002484.jpg,1
002485.jpg,0
002486.jpg,1
002488.jpg,0
002491.jpg,0
002494.jpg,1
002501.jpg,0
002503.jpg,1
002509.jpg,0
002512.jpg,1
002513.jpg,1
002519.jpg,0
002520.jpg,0
002522.jpg,1
002524.jpg,0
002525.jpg,1
002527.jpg,0
002529.jpg,0
002530.jpg,1
002535.jpg,0
002542.jpg,0
002544.jpg,1
002545.jpg,1
002558.jpg,0
002560.jpg,0
002563.jpg,1
002564.jpg,0
002565.jpg,1
002570.jpg,0
002572.jpg,0
002573.jpg,1
002578.jpg,0
002584.jpg,0
002589.jpg,0
002591.jpg,0
002592.jpeg,0
002596.jpg,1
002603.jpg,1
002604.jpg,1
002608.jpg,1
002609.jpg,1
002610.jpg,0
002611.jpg,1
002618.jpg,0
002625.jpg,1
002627.jpg,0
002628.jpg,1
002634.jpg,1
002642.jpg,0
002650.jpg,0
002655.jpg,0
002663.jpg,0
002669.jpg,1
002672.jpg,1
002678.jpg,1
002679.jpg,1
002681.jpg,1
002683.jpg,0
002690.jpg,0
002696.jpg,1
002701.jpg,1
002702.jpg,0
002711.jpg,0
002714.jpg,0
002716.jpg,0
002717.jpg,0
002732.jpg,1
002738.jpg,0
002741.jpg,1
002743.jpg,1
002745.jpg,0
002747.jpg,0
002750.jpg,1
002753.jpg,1
002758.jpg,0
002760.jpg,1
002769.jpg,1
002772.jpg,0
002777.jpg,1
002780.jpg,1
002781.jpg,0
002783.jpg,0
002784.jpg,1
002789.jpg,1
002790.jpg,1
002793.jpg,1
002802.jpg,0
002811.jpg,1
002827.jpg,0
002828.jpg,0
002833.jpg,0
002840.jpg,1
002843.jpg,0
002853.jpg,0
002858.jpg,1
002860.jpg,0
002861.jpg,1
002865.jpg,1
002869.jpg,0
002870.jpg,1
002872.jpg,0
002877.jpg,1
002880.jpg,1
002881.jpg,1
002882.jpg,1
002883.jpg,1
002886.jpg,1
002887.jpg,0
002889.jpg,0
002890.jpg,1
002892.jpg,1
002896.jpg,1
002900.jpg,1
002902.jpg,1
002904.jpg,0
002910.jpg,1
002915.jpg,1
002918.jpg,0
002920.jpg,1
002932.jpg,1
002933.jpg,0
002934.jpg,1
002935.jpeg,0
002938.jpg,1
002944.jpg,0
002948.jpg,1
002950.jpg,1
002951.jpg,1
002965.jpg,0
002976.jpg,0
002980.jpg,1
002983.jpg,1
002987.jpg,1
002992.jpg,1
002993.jpg,1
002998.jpg,1
003003.jpg,1
003005.jpg,1
003009.jpg,1
003011.jpg,1
003013.jpg,1
003021.jpg,0
003029.jpg,1
003030.jpg,1
003033.jpg,0
003034.jpg,1
003036.jpg,1
003040.jpg,0
003043.jpg,1
003057.jpg,1
003062.jpg,0
003064.jpg,0
003067.jpg,0
003068.jpg,1
003079.jpg,1
003091.jpg,1
003092.jpg,1
003095.jpg,0
003101.jpg,0
003102.jpg,1
003113.jpg,1
003117.jpg,1
003119.jpg,1
003123.jpg,1
003124.jpg,0
003126.jpg,1
003130.jpg,1
003141.jpg,0
003152.jpg,1
003157.jpg,0
003159.jpg,0
003163.jpg,0
003167.jpg,1
003169.jpg,1
003173.jpg,0
003174.jpg,0
003184.jpg,1
003195.jpg,1
003196.jpg,0
003199.jpg,1
003200.jpg,1
003205.jpg,1
003208.jpg,1
003209.jpg,1
003210.jpg,1
003211.jpg,1
003214.jpg,1
003215.jpg,0
003217.jpg,0
003221.jpg,1
003223.jpg,1
003227.jpg,0
003229.jpg,0
003231.jpg,0
003238.jpg,1
003240.jpg,0
003244.jpg,1
003245.jpg,1
003249.jpg,0
003255.jpg,1
003262.jpg,0
003264.jpg,1
003265.jpg,0
003266.jpg,1
003267.jpg,0
003268.jpg,1
003276.jpg,1
003283.jpg,1
003287.jpg,0
003289.jpg,1
003292.jpg,1
003293.jpg,0
003296.jpg,0
003297.jpg,1
003299.jpg,1
003300.jpg,1
003302.jpg,0
003303.jpg,0
003304.jpg,1
003312.jpg,1
003315.jpg,0
003323.jpg,0
003337.jpg,0
003339.jpg,1
003341.jpg,1
003342.jpg,1
003348.jpg,0
003350.jpg,1
003352.jpg,1
003358.jpg,1
003363.jpg,0
003373.jpg,1
003375.jpg,0
003388.jpg,0
003391.jpg,0
003395.jpg,1
003397.jpeg,0
003398.jpg,1
003401.jpg,0
003404.jpg,0
003408.jpeg,0
003409.jpg,0
003411.jpg,1
003426.jpg,0
003429.jpg,1
003431.jpg,1
003435.jpg,1
003441.jpg,0
003446.jpg,1
003447.jpg,0
003450.jpg,1
003460.jpg,1
003462.jpg,1
003468.jpg,1
003475.jpg,1
003476.jpg,1
003477.jpg,1
003480.jpg,0
003482.jpg,0
003490.jpg,1
003496.jpg,1
003502.jpg,1
003503.jpg,0
003504.jpg,1
003508.jpg,1
003511.jpg,0
003516.jpg,1
003517.jpg,0
003518.jpg,0
003523.jpg,1
003526.jpg,0
003529.jpg,1
003534.jpg,0
003538.jpg,1
003539.jpg,1
003540.jpg,0
003545.jpg,1
003547.jpg,0
003549.jpg,1
003550.jpg,1
003555.jpg,1
003556.jpg,1
003558.jpg,1
003564.jpg,1
003568.jpg,0
003571.jpg,1
003572.jpeg,0
003574.jpg,1
003577.jpg,1
003583.jpg,0
003586.jpg,1
003588.jpg,0
003594.jpg,1
003595.jpg,0
003601.jpg,0
003602.jpg,1
003605.jpg,0
003606.jpg,1
003609.jpg,1
003612.jpg,0
003613.jpg,0
003614.jpg,1
003615.jpg,1
003616.jpg,1
003617.jpg,0
003618.jpg,1
003619.jpg,0
003620.jpg,0
003622.jpg,0
003625.jpg,0
003626.jpg,0
003632.jpg,1
003634.jpg,0
003641.jpg,0
003642.jpg,0
003643.jpg,0
003645.jpg,1
003646.jpg,1
003647.jpg,0
003653.jpg,1
003655.jpg,0
003656.jpeg,0
003658.jpg,1
003659.jpg,1
003662.jpg,1
003663.jpg,0
003664.jpg,1
003666.jpg,1
003667.jpg,0
003668.jpg,0
003669.jpg,0
003673.jpg,1
003674.jpg,1
003681.jpg,0
003682.jpg,1
003684.jpg,0
003692.jpg,1
003695.jpg,1
003698.jpg,0
003701.jpg,0
003702.jpg,1
003710.jpg,1
003716.jpg,1
003718.jpg,0
003725.jpg,1
003731.jpg,1
003735.jpg,1
003738.jpg,0
003748.jpg,1
003756.jpg,1
003760.jpg,1
003762.jpg,1
003769.jpg,0
003779.jpg,0
003781.jpg,1
003782.jpg,1
003784.jpg,1
003785.jpg,1
003800.jpg,0
003803.jpg,1
003804.jpg,0
003814.jpg,1
003815.jpg,0
003816.jpg,0
003821.jpg,0
003822.jpg,0
003823.jpg,1
003824.jpg,1
003829.jpg,1
003834.jpg,1
003836.jpg,0
003841.jpg,1
003851.jpg,1
003855.jpg,1
003862.jpg,0
003863.jpg,1
003864.jpg,0
003867.jpg,1
003869.jpg,0
003872.jpg,1
003874.jpg,1
003881.jpg,1
003885.jpg,1
003889.jpg,0
003890.jpg,0
003893.jpg,0
003894.jpg,1
003900.jpg,0
003903.jpg,1
003906.jpg,0
003907.jpg,1
003908.jpg,1
003910.jpg,1
003911.jpg,1
003915.jpg,1
003917.jpg,0
003918.jpg,0
003921.jpg,0
003925.jpeg,0
003934.jpg,1
003941.jpg,0
003954.jpg,1
003955.jpg,1
003960.jpg,0
003963.jpg,1
003964.jpg,1
003967.jpg,0
003971.jpg,0
003972.jpg,0
003973.jpg,1
003974.jpg,1
003975.jpg,1
003977.jpg,1
003981.jpg,1
003982.jpg,1
003983.jpg,1
003988.jpg,0
003990.jpg,1
003993.jpg,1
003994.jpg,0
003998.jpg,1
004004.jpg,0
004006.jpg,1
004011.jpg,0
004012.jpg,1
004014.jpg,0
004018.jpg,0
004020.jpg,1
004021.jpg,1
004038.jpg,1
004044.jpg,1
004046.jpg,1
004048.jpg,1
004050.jpg,1
004052.jpg,0
004054.jpg,1
004056.jpg,1
004058.jpg,1
004061.jpg,1
004066.jpg,1
004067.jpg,1
004068.jpg,1
004076.jpg,1
004077.jpg,1
004078.jpg,1
004081.jpg,1
004083.jpg,0
004085.jpg,0
004086.jpg,0
004092.jpg,1
004094.jpg,0
004103.jpg,0
004115.jpg,1
004116.jpg,0
004120.jpg,1
004128.jpg,1
004133.jpg,1
004136.jpg,1
004139.jpg,0
004141.jpg,0
004142.jpg,0
004146.jpg,1
004150.jpg,1
004151.jpg,1
004153.jpg,0
004155.jpg,0
004161.jpg,1
004165.jpg,1
004167.jpg,1
004171.jpg,0
004172.jpg,1
004173.jpg,0
004174.jpg,1
004176.jpg,0
004178.jpg,1
004179.jpg,1
004186.jpg,1
004191.jpg,1
004195.jpg,0
004198.jpg,1
004199.jpg,0
004203.jpg,1
004205.jpg,0
004208.jpg,1
004209.jpg,0
004213.jpg,1
004216.jpg,0
004219.jpg,0
004221.jpg,1
004222.jpg,1
004231.jpg,1
004233.jpg,0
004239.jpg,0
004240.jpg,1
004241.jpg,0
004242.jpg,1
004247.jpg,0
004248.jpg,1
004251.jpg,0
004255.jpg,1
004261.jpg,0
004263.jpg,1
004266.jpg,0
004267.jpg,1
004271.jpg,0
004277.jpg,0
004279.jpg,1
004280.jpg,1
004281.jpg,0
004284.jpg,1
004287.jpg,0
004294.jpg,0
004307.jpg,0
004311.jpg,0
004314.jpg,0
004318.jpg,0
004331.jpg,1
004333.jpg,0
004334.jpg,0
004335.jpg,1
004339.jpg,0
004350.jpg,1
004352.jpg,0
004355.jpg,1
004356.jpg,1
004359.jpg,0
004362.jpg,0
004372.jpg,0
004373.jpg,1
004378.jpg,1
004383.jpg,1
004386.jpg,1
004392.jpg,1
004394.jpg,0
004401.jpg,1
004404.jpg,1
004408.jpg,0
004415.jpg,1
004416.jpg,0
004417.jpg,1
004418.jpg,0
004420.jpg,1
004421.jpg,0
004422.jpg,1
004425.jpg,0
004427.jpg,0
004429.jpg,0
004430.jpg,1
004433.jpg,1
004434.jpg,1
004435.jpg,1
004439.jpg,1
004440.jpg,0
004442.jpg,1
004443.jpg,1
004445.jpg,1
004456.jpg,1
004459.jpg,0
004467.jpg,1
004468.jpg,0
004470.jpg,0
004474.jpg,0
004481.jpg,0
004482.jpg,1
004483.jpg,0
004484.jpg,0
004489.jpg,1
004491.jpg,1
004497.jpg,1
004498.jpg,1
004502.jpg,1
004510.jpg,0
004513.jpg,1
004516.jpg,1
004519.jpg,1
004520.jpg,0
004521.jpg,1
004524.jpg,0
004526.jpg,0
004529.jpg,1
004533.jpg,0
004534.jpg,1
004537.jpg,1
004541.jpg,1
004542.jpg,1
004546.jpg,1
004549.jpg,0
004554.jpg,0
004557.jpg,1
004559.jpg,0
004561.jpg,0
004562.jpg,1
004563.jpg,0
004570.jpg,1
004572.jpg,0
004575.jpg,1
004585.jpg,0
004586.jpg,1
004588.jpg,1
004596.jpg,0
004597.jpg,1
004606.jpg,0
004607.jpg,0
004611.jpg,1
004612.jpg,0
004619.jpg,1
004621.jpg,0
004628.jpg,0
004631.jpg,1
004632.jpg,1
004633.jpg,1
004637.jpg,0
004645.jpg,1
004647.jpg,0
004649.jpg,1
004654.jpg,1
004662.jpg,0
004666.jpg,1
004669.jpg,0
004672.jpg,0
004673.jpg,0
004684.jpg,1
004685.jpg,0
004687.jpg,0
004688.jpg,0
004691.jpg,1
004695.jpg,0
004699.jpg,1
004713.jpg,0
004722.jpg,1
004724.jpg,1
004725.jpg,1
004726.jpg,0
004728.jpg,0
004732.jpg,1
004736.jpg,1
004745.jpg,0
004757.jpeg,0
004758.jpg,0
004762.jpg,1
004768.jpg,1
004775.jpg,0
004776.jpg,1
004783.jpg,1
004798.jpg,1
004799.jpg,1
004810.jpg,0
004811.jpg,0
004815.jpg,0
004818.jpg,1
004820.jpg,0
004822.jpg,1
004823.jpg,0
004825.jpg,1
004836.jpg,0
004837.jpg,1
004840.jpg,0
004849.jpg,0
004852.jpg,0
004854.jpg,1
004862.jpg,0
004863.jpg,1
004865.jpg,0
004868.jpg,0
004878.jpg,1
004879.jpg,0
004883.jpg,1
004885.jpg,1
004891.jpg,1
004900.jpg,0
004905.jpg,0
004909.jpg,1
004911.jpg,0
004916.jpg,1
004919.jpg,1
004925.jpg,0
004927.jpg,1
004941.jpg,1
004948.jpg,1
004957.jpg,1
004959.jpg,1
004960.jpg,0
004962.jpg,1
004963.jpg,0
004968.jpg,0
004976.jpg,1
004981.jpg,1
004987.jpg,1
005002.jpg,0
005003.jpg,1
005008.jpg,1
005009.jpg,0
005013.jpg,1
005015.jpg,0
005016.jpg,0
005019.jpg,1
005020.jpg,0
005021.jpg,1
005025.jpg,1
005026.jpg,0
005031.jpg,1
005034.jpg,1
005036.jpg,0
005040.jpg,0
005044.jpg,0
005048.jpg,0
005055.jpg,0
005059.jpg,1
005060.jpg,0
005067.jpg,0
005069.jpg,1
005076.jpg,1
005082.jpg,1
005085.jpg,0
005089.jpg,1
005095.jpg,0
test_000001.jpg,1
test_000005.jpg,1
test_000006.jpg,1
test_000008.jpeg,0
test_000015.jpg,1
test_000021.jpg,0
test_000024.jpg,0
test_000028.jpg,1
test_000034.jpg,1
test_000037.jpg,1
test_000041.jpg,0
test_000042.jpg,0
test_000045.jpeg,1
test_000051.jpg,0
test_000056.jpg,0
test_000057.jpg,1
test_000058.jpg,1
test_000078.jpg,1
test_000080.jpg,1
test_000088.jpg,0
test_000090.jpg,0
test_000091.jpeg,1
test_000092.jpg,1
test_000098.png,1
test_000116.jpg,0
test_000124.jpg,0
test_000127.jpg,0
test_000129.jpg,1
test_000131.jpg,0
test_000141.jpeg,1
test_000145.jpg,1
test_000147.jpg,1
test_000155.jpg,1
test_000158.jpg,1
test_000167.jpg,1
test_000169.jpeg,1
test_000170.jpeg,1
test_000177.jpg,0
test_000182.jpg,0
test_000183.jpg,0
test_000190.jpg,0
test_000193.jpg,0
